"year","month","day","ssp126","ssp245","ssp370","ssp585"
2015,8,1,2.5538,1.4037,0.133,8.2951
2015,8,2,3.4355,3.6616,1.2682,3.0055
2015,8,3,7.8881,3.241,1.1746,6.962
2015,8,4,0.1735,5.0457,2.8767,1.4549
2015,8,5,0.0509,0.0721,0.5356,6.9737
2015,8,6,0.023,0.008,0.8212,0.3551
2015,8,7,0,0.8852,1.1843,0.0447
2015,8,8,0.005,0.1284,1.6748,2.6819
2015,8,9,0.7187,16.8261,3.3366,1.8052
2015,8,10,3.4407,3.9293,3.846,9.266
2015,8,11,11.8914,1.9288,1.0015,10.9992
2015,8,12,9.3058,3.1183,0.3309,0.546
2015,8,13,8.6494,9.6175,0.0701,8.8632
2015,8,14,14.0762,7.2953,6.3886,4.1952
2015,8,15,9.9901,4.458,0,1.3191
2015,8,16,6.1895,1.8548,0,0.1316
2015,8,17,13.6862,0.8448,0,0.0058
2015,8,18,11.2917,0.4094,0,5.7095
2015,8,19,0.4046,5.6772,6.8072,5.5511
2015,8,20,3e-04,4.3646,5.7921,1.7609
2015,8,21,0,3.5034,0.8007,2.4377
2015,8,22,0.0031,11.7903,1e-04,2e-04
2015,8,23,1.2092,1.4366,1.6508,0.1981
2015,8,24,0.0065,0,0.2963,0.0593
2015,8,25,1.3041,2e-04,0.001,3.6867
2015,8,26,2.945,2.9339,0,4.6111
2015,8,27,12.0734,3.9794,0,0.329
2015,8,28,0.002,9.8143,0.001,7.4138
2015,8,29,0,0.1962,7.5925,1.4886
2015,8,30,0.0064,2.0809,9.6686,0.337
2015,8,31,0.6035,0.1427,0,0.0848
2016,8,1,0.0298,10.3788,3e-04,1.3103
2016,8,2,0.1035,0.4216,0,15.6089
2016,8,3,2.314,0,0.2879,9.7514
2016,8,4,1.7259,0,3.6915,6.248
2016,8,5,0.0446,0.2107,15.4631,6.7296
2016,8,6,0,5.384,15.4042,2.1501
2016,8,7,0,0.5946,2.8362,5.2812
2016,8,8,0.6938,0.0333,2.0472,1.6851
2016,8,9,8.5816,0.3362,1.1809,0.0556
2016,8,10,0.0276,0.524,0.4638,12.1846
2016,8,11,0,2.3979,1.3161,0.3406
2016,8,12,0.0021,2.9073,4.0121,0.0018
2016,8,13,0,0,1.3349,0.1447
2016,8,14,4.3891,0.5446,1.8259,0.0031
2016,8,15,0.6796,6.5248,3.9223,1.1494
2016,8,16,0,2.7823,0.407,9.5423
2016,8,17,0.0033,0.1023,3.6349,0.2995
2016,8,18,4e-04,0.0609,2.6633,0.9426
2016,8,19,0.8366,4.7384,1.1011,0.3088
2016,8,20,2.0337,4.2369,6.5887,1.1341
2016,8,21,3.6019,6.4015,0,1.1196
2016,8,22,6.057,0.6491,0.0312,1.113
2016,8,23,25.8687,0.0021,6.3969,2.055
2016,8,24,3.1383,3.497,9.9267,5.3902
2016,8,25,0,3.6365,3.1871,0.0067
2016,8,26,0.871,0.0647,0.5285,2.4769
2016,8,27,9.6848,0.061,1.387,0.0172
2016,8,28,0.1197,13.8276,0.1126,0
2016,8,29,0.001,7.0985,0.425,0
2016,8,30,0,0.7347,0.0025,0
2016,8,31,0,0,0,1e-04
2017,8,1,3.0895,4.015,0.5535,5.5218
2017,8,2,0.8483,9.1441,1.5217,2.0119
2017,8,3,0.9216,0.4424,0.2409,0.2182
2017,8,4,14.8966,3.4905,0.1391,0.0658
2017,8,5,7.649,0.7381,1.7506,1.3102
2017,8,6,7.9832,10.9145,0.185,0.6668
2017,8,7,6.4436,1.5017,0.0407,0.858
2017,8,8,0,1.0961,1.9396,0.1924
2017,8,9,0,6.0981,0,0
2017,8,10,0.7465,0.1948,0.0035,0
2017,8,11,2.8895,1e-04,0.0021,0
2017,8,12,0.1135,2.309,0.004,0
2017,8,13,1e-04,9.0257,0.1822,0
2017,8,14,0.4466,8.3285,0.4165,0
2017,8,15,0.2647,7.9255,2.9208,2.7401
2017,8,16,0.4358,3.3366,3.2778,2.9393
2017,8,17,1.4982,0,2.9024,0.1368
2017,8,18,1.7552,0.0689,1.1554,0
2017,8,19,0.4828,8.0397,1.9671,0
2017,8,20,0.0223,0.9575,9.2605,5.0705
2017,8,21,11.5078,2e-04,7.2999,0.7001
2017,8,22,1.408,7.574,0.6411,0.0829
2017,8,23,16.7064,3.9468,0.746,2.6417
2017,8,24,0.6195,0,1.854,6.5504
2017,8,25,24.0067,0,28.5241,4.2844
2017,8,26,1.2452,0.0094,0.7451,0
2017,8,27,0.8342,0.1424,0,0
2017,8,28,11.6435,23.2939,0,0
2017,8,29,6.3279,8.2597,2.3706,0.1959
2017,8,30,2.2105,0.8102,5.6955,0.7574
2017,8,31,0.1751,2e-04,19.1746,3.3129
2018,8,1,12.2544,1.6074,0,5.4871
2018,8,2,1.133,0,2.6081,2.6098
2018,8,3,0.1433,11.1266,1.6961,6.4264
2018,8,4,0,4.6067,0.3868,0.0021
2018,8,5,0.0741,3.9258,0.0095,0
2018,8,6,4.0524,0.4729,0.0958,3.7191
2018,8,7,14.3719,0.3436,1.0271,13.2392
2018,8,8,8.8566,0.0693,2.1437,1.9442
2018,8,9,3.029,0.0062,0.2558,0.4055
2018,8,10,3.4782,0.6814,16.1276,7.6924
2018,8,11,6.5027,0,1.4546,0.0035
2018,8,12,10.6058,0,0.2209,0.0237
2018,8,13,4.1603,0.0071,0.006,0.2784
2018,8,14,0.7481,0.0674,0.0435,19.932
2018,8,15,5.5448,0.666,0.0053,5.1343
2018,8,16,1.8327,1.4232,0.1637,0.0387
2018,8,17,0.0586,9.3919,0.3837,0.0225
2018,8,18,0,0.3812,5.1141,10.625
2018,8,19,5.7801,4.7938,0.1895,18.1519
2018,8,20,0.4597,10.0366,0.0054,9.3183
2018,8,21,0.0035,5.7175,5.2777,0.44
2018,8,22,0,5.6516,0.9841,1.2482
2018,8,23,0,3.6828,13.0888,0.5994
2018,8,24,0.2801,0.0068,3.2367,1.3534
2018,8,25,1.6848,5.6823,0.0266,2.5392
2018,8,26,3.3705,6.9725,3e-04,12.7151
2018,8,27,0.0031,0,0.1479,0.1894
2018,8,28,0.0842,0,3.4564,0.7598
2018,8,29,2.0481,0.2994,9e-04,0
2018,8,30,3.1707,2.6226,0,0
2018,8,31,4.6603,0.0042,2.6671,0
2019,8,1,0,1.9818,0,2.5274
2019,8,2,0.2617,9.3483,0,0
2019,8,3,0.1264,3.5165,0,0.0819
2019,8,4,11.9631,0.0732,0.0497,26.1415
2019,8,5,1.8112,0.3798,0.022,6.2766
2019,8,6,0.0811,6.7347,8.5151,0.9401
2019,8,7,0.1008,3.8663,20.0748,2.5048
2019,8,8,0.2397,3.5426,6.7877,17.3978
2019,8,9,1.331,26.8642,1.4066,4.1703
2019,8,10,5.254,4.9614,1.7811,0.0259
2019,8,11,1.592,0.001,5.8916,6e-04
2019,8,12,0.0551,0,6.6506,0.3548
2019,8,13,0.0355,0.1394,0.1026,6.0799
2019,8,14,0.3586,0.5447,0.3459,4.2538
2019,8,15,3.1694,0.5356,0.8741,2.0398
2019,8,16,0.8834,3.9533,1.7484,9.7614
2019,8,17,1.4257,3.894,2.2048,3.0389
2019,8,18,19.3758,10.9357,2.3523,0
2019,8,19,1.3149,5.3427,0.1284,0.2436
2019,8,20,0.1452,7.6138,0,9.9581
2019,8,21,1.3532,0.2411,0.0262,10.5297
2019,8,22,6.7222,0.5639,0.2017,0.0185
2019,8,23,47.4433,3.3588,1e-04,1.204
2019,8,24,5.5886,7.4001,4e-04,3.1786
2019,8,25,1.0743,3.3266,0.5533,10.3949
2019,8,26,0.0068,0.6851,3.0589,1.7344
2019,8,27,0.41,1.2365,5.0972,0
2019,8,28,0.0118,2.601,1.0527,0
2019,8,29,0.7164,3.9464,0.3057,1e-04
2019,8,30,5.9689,1.6715,10.6323,1e-04
2019,8,31,5.8211,6.341,0.0453,1.1048
2020,8,1,6.5096,13.0378,2.9335,2.1884
2020,8,2,0,2.8007,3.944,6.5221
2020,8,3,0.413,0.1228,16.1702,16.668
2020,8,4,1.1451,3.5821,0.6322,4.5689
2020,8,5,0.5207,19.0193,0,9.3395
2020,8,6,0.7335,12.4188,0,1.9191
2020,8,7,3.019,5.7061,1.0399,0.2135
2020,8,8,3.8736,0.9471,1.1185,3.3932
2020,8,9,6.4276,3.476,5.264,8.6652
2020,8,10,0.1532,7.1593,43.3736,0.3723
2020,8,11,0.0351,0.4619,4.0011,0.9366
2020,8,12,0.0492,1.2759,1.0704,0.6475
2020,8,13,9.8878,7.7275,0.0994,6e-04
2020,8,14,7.115,4.1929,4.4831,1.3847
2020,8,15,0.4448,0.32,8.7426,7.442
2020,8,16,0.0649,0.0145,2.3156,11.1462
2020,8,17,10.2335,0,1.1,13.7192
2020,8,18,2.6273,0,0.8428,17.3713
2020,8,19,20.7143,1.3287,5.6303,1.232
2020,8,20,6.6321,3.7069,6.4669,0
2020,8,21,0.1182,15.5818,1.5811,0
2020,8,22,21.3682,23.1482,1.3385,0.0502
2020,8,23,0.614,1.1294,0.9112,6.8641
2020,8,24,5.5371,1.0945,0.0383,10.5357
2020,8,25,10.8727,0.044,0,2.7744
2020,8,26,6.6511,0,0.0439,1.3798
2020,8,27,0.895,1e-04,0.5464,0.1661
2020,8,28,0.1325,5.9863,4.3116,0.0769
2020,8,29,19.3198,0.1812,11.0023,0.0774
2020,8,30,5.1611,1.5258,0.8345,0.0703
2020,8,31,8.1716,0.2159,0,0.0616
2021,8,1,0.9158,0.076,0.0026,7.4648
2021,8,2,0,4.6481,1.5596,8.7885
2021,8,3,0.0437,9.2239,22.456,3.0109
2021,8,4,0.0414,3.5342,1.6917,0
2021,8,5,1.4939,14.903,0.0019,0
2021,8,6,5.3586,2.4816,0.0213,16.2379
2021,8,7,18.64,0.0476,1.7911,15.8936
2021,8,8,5.1683,1.8788,0.5871,3.9327
2021,8,9,1.4329,9.6119,8.3014,0.139
2021,8,10,8e-04,0.6568,8.6422,6.001
2021,8,11,0.0782,0.1385,0.7379,4.5958
2021,8,12,2.9158,0.0392,6.1543,4.9911
2021,8,13,9.3092,1.0299,6.3911,0
2021,8,14,14.5845,41.0806,6.1665,0
2021,8,15,3.3785,19.1143,12.0596,0.0047
2021,8,16,4.994,3.5992,0.3345,6.6472
2021,8,17,0.5811,0,0.1527,3.2998
2021,8,18,1.0295,12.8311,3.5877,4.5048
2021,8,19,1.4072,0.9339,0.4325,4.7919
2021,8,20,3.9322,0,0.0344,1.9122
2021,8,21,11.7716,0.3207,0.0035,2.8613
2021,8,22,0.0093,17.5764,23.6633,1.7987
2021,8,23,0,1.3837,9e-04,0.8549
2021,8,24,0.3454,12.7053,0,0.1561
2021,8,25,2.835,3.5112,0.1102,1.0824
2021,8,26,0.7747,0.0859,0,9.0231
2021,8,27,2e-04,0.4566,0.2657,0.4603
2021,8,28,0.0075,1.1095,2.039,10.2636
2021,8,29,0.0465,0.0034,6.4909,9.7061
2021,8,30,6.0165,0.619,9.2106,14.3042
2021,8,31,0.0853,13.7775,1.8113,15.1045
2022,8,1,1.5304,9.9052,3.401,0
2022,8,2,12.3263,6.731,2.3476,0.0484
2022,8,3,6.3681,17.8542,0.0813,0.4429
2022,8,4,9.5569,6.2599,0.0756,0.0273
2022,8,5,17.3583,0.0795,8.4655,2.7041
2022,8,6,10.7637,1.224,42.0146,0.0029
2022,8,7,3.7519,0.3671,0.2366,9.4214
2022,8,8,1e-04,0.0446,0.2181,2.39
2022,8,9,0.3057,1e-04,0.0542,8.2277
2022,8,10,4.7218,0.1294,3.3726,3.9765
2022,8,11,3.6393,0.4977,2.1863,0
2022,8,12,2.0926,0.6987,6.0292,0.0052
2022,8,13,3.8673,1.2417,0.4661,0.143
2022,8,14,16.277,2.6148,0.0081,0.3933
2022,8,15,5.2775,9.7134,0.0271,0.334
2022,8,16,0.3319,5.3412,0.6494,0.1793
2022,8,17,5e-04,0.0399,0.0775,14.3847
2022,8,18,0,0.1166,0.79,18.1416
2022,8,19,0.0275,0,0.9711,1.3399
2022,8,20,3.3621,0.1131,7.0911,0.3656
2022,8,21,1.403,0.011,7.4241,1.3226
2022,8,22,0,1.9922,6.1513,13.8309
2022,8,23,7e-04,11.7309,0.2728,4.2498
2022,8,24,3.8868,9.312,0.0437,1.1589
2022,8,25,1.6752,0.3919,0.5878,0.8716
2022,8,26,5.6287,0.0073,1.8455,0.3743
2022,8,27,3.5248,0,7.0718,5.2118
2022,8,28,5.4557,0,0.731,3.9874
2022,8,29,1.8301,2.2095,1.2438,0
2022,8,30,0,1.3744,6.4503,0
2022,8,31,2.295,0,2.9049,10.8603
2023,8,1,1.2467,10.2114,6.7794,5.9556
2023,8,2,5.0504,0.8927,1.9989,12.1725
2023,8,3,21.9442,0.0419,0.0421,3.7853
2023,8,4,20.5881,13.4098,2.7912,0.757
2023,8,5,7.8879,5.0915,6.8681,0.1725
2023,8,6,4.2326,3e-04,2.4652,0.4342
2023,8,7,16.5483,0,7.2458,3.5674
2023,8,8,0.7107,4.1242,2.3219,9.6976
2023,8,9,0,1.09,1.3322,8.4225
2023,8,10,0.0195,12.7382,1.2034,7.2476
2023,8,11,13.8794,5.3614,6.3378,4.2687
2023,8,12,7.5303,6.7775,1.4375,2.0638
2023,8,13,0.2849,3.614,0,0
2023,8,14,0,0,0,0
2023,8,15,9e-04,0.0413,1.3561,0
2023,8,16,0.2725,0,1.5931,0.2766
2023,8,17,1.1936,0.0582,0,0.2736
2023,8,18,0.9669,1.8738,0,0.6473
2023,8,19,14.4664,1.98,0,1.9615
2023,8,20,1.566,16.0975,7.333,29.6536
2023,8,21,1.0055,3.591,8.4963,3.7079
2023,8,22,2.4634,13.9889,1.1358,0.0032
2023,8,23,0.0133,0.6402,4.4677,1e-04
2023,8,24,0.003,0,7.271,0.2887
2023,8,25,4.3447,1e-04,7.8418,1.0959
2023,8,26,13.6682,0,1.5067,0.1633
2023,8,27,2.9193,0.0024,0.1445,0
2023,8,28,1.7678,2.2599,0.2084,7.2062
2023,8,29,3.4443,5.174,7.0078,2.6048
2023,8,30,0.7825,0,9.5642,0.3259
2023,8,31,1.1022,0.1044,13.8963,0
2024,8,1,7e-04,8.4276,1.3235,24.6003
2024,8,2,0.4461,12.0849,0.9935,3.1571
2024,8,3,1.4357,6.3297,7.9956,0.0127
2024,8,4,4.3077,4.2507,7.2461,1.8668
2024,8,5,1.9224,4.3649,2.0276,9.4657
2024,8,6,3.1439,6.6451,1.3214,9.0427
2024,8,7,4.5464,0.1253,5.9279,8.1132
2024,8,8,7.8961,0.247,0.1299,2.3514
2024,8,9,4.5745,1.6408,5.3082,5.3551
2024,8,10,3.0023,1.6381,7.3724,1.4794
2024,8,11,0.6673,3.5721,1.83,0.2723
2024,8,12,0.5188,21.2993,4e-04,0
2024,8,13,0.8618,3.0356,0.1318,0.0165
2024,8,14,2.0829,0,0.155,12.0761
2024,8,15,7.8538,8.2988,0.0259,2.8797
2024,8,16,12.67,1.8476,0.0404,0.1396
2024,8,17,10.0312,0.4216,3.863,0.4996
2024,8,18,0.1298,0,3.1109,0.4027
2024,8,19,0,0.0045,2.8655,18.9682
2024,8,20,0,0.076,4.7057,2.5467
2024,8,21,6.6504,0.4962,0.4391,2.8798
2024,8,22,10.7459,9.4385,10.2948,5.3413
2024,8,23,4.2851,1.1423,9.0465,5.0316
2024,8,24,4.5902,5e-04,9.8551,7.441
2024,8,25,5.269,0,4.4113,6.3277
2024,8,26,2.622,4.1417,2.4853,0.9093
2024,8,27,0.0358,4.5008,2.8515,13.8216
2024,8,28,0.2365,3.9996,9.1519,0.9922
2024,8,29,0.0021,1.0399,1.7068,0
2024,8,30,0.1488,1.2723,0.1519,0
2024,8,31,1.1187,2.991,0.1006,0
2025,8,1,1.8455,1e-04,1.2289,6.9966
2025,8,2,9.4776,2e-04,4.5358,1.1363
2025,8,3,5.7375,0.7551,4.5585,0.6291
2025,8,4,0,1.1364,5.5998,1.5727
2025,8,5,3.4251,1.2856,3.2834,9.2172
2025,8,6,1.674,8.4579,1.8079,15.7314
2025,8,7,0.1199,1.2071,2.14,2.8204
2025,8,8,1e-04,3.5841,0.0061,5.8289
2025,8,9,4.4316,7.9858,0.1308,0.9615
2025,8,10,6.6875,1.885,3.2052,0
2025,8,11,1.813,0.7318,0.411,1e-04
2025,8,12,0.2921,4.9346,0.157,0
2025,8,13,0,10.7895,16.2392,0.0148
2025,8,14,0.0363,7.275,36.2517,3.8599
2025,8,15,6.876,0.2258,2.4116,18.5259
2025,8,16,5.187,5.8556,12.6984,1.1949
2025,8,17,0,0.106,16.9674,0.0017
2025,8,18,1.6656,0.0259,5.5325,0.2651
2025,8,19,4.7198,0.0368,2.4458,0.3093
2025,8,20,2.0952,0.1904,0.9841,0.0691
2025,8,21,9.8104,0.0248,0,0.0151
2025,8,22,0.5273,1e-04,0,3.4196
2025,8,23,0.0395,1.2786,0,9.1019
2025,8,24,3.1886,0.861,2.1048,15.3943
2025,8,25,3.4586,1.4006,1.5237,8.4738
2025,8,26,0,4.0939,0,0.5061
2025,8,27,0,3.1697,0.0542,0.2864
2025,8,28,2.1015,3.0767,0.0461,1.5731
2025,8,29,5.2255,8.3367,5.2487,0.5632
2025,8,30,1.1205,10.2405,8.3364,0.1066
2025,8,31,1.2467,3.322,0,0.0188
2026,8,1,13.3003,0.0803,1.3527,11.5476
2026,8,2,13.7916,0.056,2.97,0.028
2026,8,3,16.3689,0.8594,12.9492,0.0649
2026,8,4,4.9567,2.8756,22.7252,1.0601
2026,8,5,0.1886,4.7463,1.0218,0.6199
2026,8,6,3.8597,0,0.1566,0.9512
2026,8,7,1e-04,1.2613,1.4185,0.3162
2026,8,8,2.4339,2.9672,2.6869,1.0257
2026,8,9,2.852,0,0.7209,7.7891
2026,8,10,0.9388,0.4119,1.5986,9.1107
2026,8,11,6.5703,3.435,2.0114,5.0014
2026,8,12,10.4562,11.0642,3.0012,10.7256
2026,8,13,1.5661,0.5314,2.4134,0.6503
2026,8,14,0.2876,0.5862,0,0.1558
2026,8,15,12.3711,1.0317,0,0.0013
2026,8,16,9.481,38.6986,5.9397,1.5794
2026,8,17,9.9411,0.6259,2.7919,0.5867
2026,8,18,10.7019,0.3329,0.2743,2.5479
2026,8,19,0.0268,0.5928,0,0.2918
2026,8,20,1e-04,2.3245,0,0.0621
2026,8,21,3.315,6.4027,3.1729,0.8063
2026,8,22,0.2655,5.2221,5.5594,2.4569
2026,8,23,1e-04,6.6983,0.7913,0.3176
2026,8,24,0,2.0516,3.4623,0.0764
2026,8,25,0.0045,1.6405,0.5689,0.0531
2026,8,26,6.6587,0,0.1278,0.0985
2026,8,27,8.4932,0,0.0551,0.0082
2026,8,28,19.8357,1e-04,5.3286,0
2026,8,29,5.1138,0.0492,0.0376,0.002
2026,8,30,0.0774,0.2858,0,5.2885
2026,8,31,0.9737,0.8029,0,0.0264
2027,8,1,2.9837,10.3917,14.029,0.2429
2027,8,2,1.8389,14.3858,6.7981,0.0609
2027,8,3,3.3305,11.8111,0.6924,0.1891
2027,8,4,1e-04,7.3755,6.9281,0.6171
2027,8,5,6.6458,0.363,11.6017,0.5863
2027,8,6,2.1683,0.0034,10.474,1.3844
2027,8,7,0.0524,0.0112,0.7841,0.6667
2027,8,8,0,12.18,0.3615,1.3949
2027,8,9,0.5094,7.6681,0,14.7108
2027,8,10,0.1857,0.153,3.6565,2.7433
2027,8,11,2.4573,0.0067,1.725,3.2865
2027,8,12,1.6027,0.0053,0.0099,12.4948
2027,8,13,2.4332,0.0657,1.2566,0.3918
2027,8,14,7.655,4.6659,2.2729,6e-04
2027,8,15,0.3755,31.2891,0.0158,0.2486
2027,8,16,0,7.9637,0,5.775
2027,8,17,0,0.071,2e-04,1.1324
2027,8,18,1.1549,3.018,0.0668,4.87
2027,8,19,4.7062,5.7231,0,1.4647
2027,8,20,12.6153,3.5302,0,0.0076
2027,8,21,6.8285,0.3819,0.0343,3.2368
2027,8,22,1.5201,0.6331,0.6918,8.0932
2027,8,23,0.2461,5.2945,2.7104,4.933
2027,8,24,5.388,0.0118,3.2593,0.3989
2027,8,25,0,0.2217,0,15.5619
2027,8,26,0,0.9497,0.0366,4.6851
2027,8,27,8e-04,6.4361,5.2489,1.5935
2027,8,28,0.0741,0.3376,6.7026,0.5261
2027,8,29,0.0121,0.0164,4.9857,0.0109
2027,8,30,1.6867,0,0.1791,0.0105
2027,8,31,1.358,0.0052,4.5177,0.0106
2028,8,1,1.2385,1.8252,23.1753,1.1642
2028,8,2,0,2.787,5.5944,3.6595
2028,8,3,2e-04,5.6778,0.2819,0.3412
2028,8,4,0.0971,8.2861,0.3372,0
2028,8,5,0.1223,2.5333,1.2563,0.0023
2028,8,6,5.4194,9.6665,10.8614,6.2461
2028,8,7,0.0879,9.1947,1.0182,0.9325
2028,8,8,48.3578,3.9725,0.0162,0
2028,8,9,1.5792,2.8364,0.62,0
2028,8,10,0.6463,0.0905,9.515,0
2028,8,11,0.5886,0.1026,0.1304,12.6023
2028,8,12,4.6709,0.2483,0,7.8994
2028,8,13,6.04,0.0589,1.4515,0.3246
2028,8,14,10.2161,4.2916,5.5306,1.4311
2028,8,15,6.3279,3.4645,6.1065,14.0821
2028,8,16,2.2084,3.6028,9.6633,6.3148
2028,8,17,5.3527,3.3588,12.0056,4.9377
2028,8,18,0.7281,0.0647,0.7045,13.9468
2028,8,19,0.5794,1.5498,0.0419,23.4394
2028,8,20,0.0104,0.1258,32.9514,0.7159
2028,8,21,5.5517,0.153,9.0128,0.0041
2028,8,22,5.5841,3.8546,0.8357,0.6911
2028,8,23,3.3504,1.7975,5.1685,6e-04
2028,8,24,0,0.2424,12.9441,0.7853
2028,8,25,1e-04,0.3317,10.8361,2.8317
2028,8,26,0.6243,0,4.5233,1.5928
2028,8,27,0.0021,5e-04,0,3.8329
2028,8,28,0.92,0.0079,2.1199,15.1282
2028,8,29,0.4811,8.3385,5.1245,8.1217
2028,8,30,6.0106,2.443,0,0.0511
2028,8,31,2.1555,1.5788,5e-04,0.0043
2029,8,1,4.4545,1.2187,2.2157,12.8896
2029,8,2,4.9033,10.8705,0.0516,3.0851
2029,8,3,10.629,2.7387,0.1063,2.2091
2029,8,4,4.252,2.377,0.4856,6.3153
2029,8,5,7.673,3.1942,13.9335,3.582
2029,8,6,13.9093,0.68,13.6609,8.8627
2029,8,7,7.6435,1.87,0.3402,2.4912
2029,8,8,1.2639,0.2455,0.3543,0.0589
2029,8,9,1.4676,0.6865,1.852,2.5872
2029,8,10,6.3517,0.8573,1.5011,4.6299
2029,8,11,10.0709,3.518,2.6817,0.298
2029,8,12,20.8718,0.1895,19.064,4.4287
2029,8,13,0.3771,0.0028,3e-04,0.086
2029,8,14,0.2632,0.0043,0.3819,0.0894
2029,8,15,0,0.1563,0.0075,0.0125
2029,8,16,0.5981,1.2862,0.0259,4.7329
2029,8,17,9.5672,0.075,9.1531,2.7381
2029,8,18,3.7901,0,5.0586,0.0618
2029,8,19,0.2203,0.1366,0.0764,0
2029,8,20,0,0.0094,0,0
2029,8,21,1e-04,2.8282,0,0.0065
2029,8,22,0.3553,1.6908,0,0.8221
2029,8,23,4.2008,5.2482,0.1069,0.3683
2029,8,24,1.5986,9.7906,18.8341,0
2029,8,25,2.6601,21.8204,1.0965,0
2029,8,26,6.9151,16.2989,1.1374,9.6612
2029,8,27,9.1582,6.0929,1.8721,0.9542
2029,8,28,5.3654,0.6737,0.0847,1.8945
2029,8,29,0.1729,3.1391,1.2124,3.5554
2029,8,30,0.0031,2.6496,15.4672,2.2246
2029,8,31,0.2248,4.2186,7.7731,15.4189
2030,8,1,4.1128,0,3.5052,0
2030,8,2,0.4854,0,1.7071,3e-04
2030,8,3,0.6729,2.4036,0.3474,0.0192
2030,8,4,0.1194,3.058,0.2197,0.011
2030,8,5,10.8423,0.2289,0.4719,0.2668
2030,8,6,1.132,0.8603,1.1009,0.2605
2030,8,7,7.1002,0.4151,9.4887,0.0892
2030,8,8,1.2715,0.0201,4.0211,5.6243
2030,8,9,0.0313,0.7855,7.987,0.737
2030,8,10,0.0113,0.9703,0.6621,0.8799
2030,8,11,0.0827,3.0145,4.6967,1.0969
2030,8,12,0.2501,0.3859,6.5339,0.5988
2030,8,13,5.1038,0.0044,1.043,0
2030,8,14,1.8227,0.0013,0,0.3454
2030,8,15,0,2.7439,10.3377,1.5033
2030,8,16,0.7395,6.8085,2.0899,9.1916
2030,8,17,15.0076,0.0248,6.5822,5.717
2030,8,18,6.9953,0,4.8354,12.8117
2030,8,19,1.9796,0,1.4524,4.2383
2030,8,20,0.6024,0,0.3483,0.068
2030,8,21,0.0039,0.114,0,0
2030,8,22,0.0214,0.3395,0,0.0111
2030,8,23,6.0318,1.2023,0,8.6934
2030,8,24,9.6032,8.0579,5.854,0.8011
2030,8,25,3.0134,4.7434,0.705,0
2030,8,26,0.7456,13.1797,0.3364,1.818
2030,8,27,6.0606,0,0.7394,0.2119
2030,8,28,0.0592,0,2.1862,14.3066
2030,8,29,5.9164,0,5.8809,3.895
2030,8,30,4.2006,0,3.0466,1.2005
2030,8,31,6.5477,0,2.3364,1.3307
2031,8,1,0.7046,1.4942,2.7871,7.1294
2031,8,2,1.7349,13.0148,10.1643,11.4183
2031,8,3,4.7605,4.5992,14.7075,0
2031,8,4,1.0472,7.4413,9e-04,0.184
2031,8,5,3.5074,8.6464,0.0404,14.6099
2031,8,6,3.1866,1.4221,1.777,0.1455
2031,8,7,1.4234,1.8641,0.0845,0.1285
2031,8,8,12.6444,2.298,0.8765,0.8095
2031,8,9,0.1527,1.7743,0.2936,0.0362
2031,8,10,0.0517,4.4711,1.0081,0.4888
2031,8,11,0,10.4847,3.7235,4.7219
2031,8,12,0.0912,0.2541,0.1882,2.3705
2031,8,13,5.3076,1.4922,0.4492,2.0282
2031,8,14,4.0871,2.5726,0.2471,2.3115
2031,8,15,0.0275,0.7364,0.6557,0.3518
2031,8,16,0.006,1.5584,3.4768,0.0057
2031,8,17,1e-04,0,5.1197,1e-04
2031,8,18,0.1653,0.077,3.9556,5.4957
2031,8,19,1.6877,0.1374,2.1062,5.1144
2031,8,20,5.5613,15.5687,11.2786,1.3412
2031,8,21,3.5535,14.5336,2.408,4.1764
2031,8,22,5.7176,0.1303,2.0967,16.9496
2031,8,23,0,0.0173,5.8678,13.2329
2031,8,24,5.1845,0.9909,0.161,1.7222
2031,8,25,1.7173,2.355,7.5643,6e-04
2031,8,26,1.114,3.9723,0.6179,6.992
2031,8,27,3.1116,0.7955,0.0095,3.8307
2031,8,28,1e-04,2.1374,0,0
2031,8,29,0,12.1475,0,2e-04
2031,8,30,0,2.3693,0.0285,0
2031,8,31,0.0076,0,0.3415,0
2032,8,1,0.6526,1.4004,3.4287,4.8193
2032,8,2,0.7837,0.0019,7.4642,13.1614
2032,8,3,7.0481,1.5489,0.6833,0
2032,8,4,0.2521,5.2874,0.6942,0.0788
2032,8,5,0.0465,0.0404,14.9941,0.1386
2032,8,6,3.3099,0.1209,15.0826,1.7781
2032,8,7,0.5564,14.5626,2.9558,0.3248
2032,8,8,0.1402,0.0828,6.2152,0.3964
2032,8,9,0,0.0029,1.2174,1.4694
2032,8,10,1.4432,0.5292,3.6369,0.0691
2032,8,11,0.2866,3.8117,1.3148,0.0834
2032,8,12,0,1.587,0.2179,2e-04
2032,8,13,0,0.1261,4.1371,0
2032,8,14,0,1.5307,7.4133,0
2032,8,15,10.6319,0.0025,5.2387,0.3741
2032,8,16,5.3147,0.0027,6.1673,3.443
2032,8,17,0.0648,0.1812,9.2334,0.3668
2032,8,18,0.6259,0.0106,21.821,0.3587
2032,8,19,1.1714,0.4609,3.9237,8.4786
2032,8,20,1.9621,3.0038,0.0021,0.3891
2032,8,21,2.4899,1.6013,0.0639,0
2032,8,22,0.3736,3.1698,1.6821,4.2331
2032,8,23,0.0481,3.2699,0.2401,22.6314
2032,8,24,0.9771,3.5756,2.5372,7.2524
2032,8,25,9.8078,2.2006,7.8761,1.4646
2032,8,26,8.8798,0.7781,9.4355,0.1071
2032,8,27,4.7159,3.4008,5.48,0.1675
2032,8,28,4.0309,3.2058,0.5731,0.6292
2032,8,29,10.9886,0,0.9138,1.0322
2032,8,30,1.622,0,9.4149,13.0057
2032,8,31,0.0384,0,8.9839,2.6528
2033,8,1,10.6218,3.4895,0,7.4067
2033,8,2,12.9936,5.3053,0,7.9608
2033,8,3,7.1025,1.6868,0.1244,8.6889
2033,8,4,1.1679,0.0372,1.4232,1.52
2033,8,5,1.097,0.8795,0.0032,8.0316
2033,8,6,3.7795,1.883,0.3014,14.0192
2033,8,7,3.7846,10.1196,2.3745,8.6964
2033,8,8,1.1134,4.5951,8.9571,3.7187
2033,8,9,0.2871,0,5.9291,2.5049
2033,8,10,3.4782,0.2739,0.3375,3.2344
2033,8,11,0.6861,0.355,0,1.8574
2033,8,12,0.5638,1.2514,0,1.6174
2033,8,13,1.659,0.0323,0,14.7667
2033,8,14,4.2777,2.1672,2.6079,13.354
2033,8,15,8.2358,2.1837,0.4,4.6373
2033,8,16,8e-04,6.7525,10.4408,0.0172
2033,8,17,0,5.0271,8.1158,3.4414
2033,8,18,0,0,7.2441,1.5401
2033,8,19,0.0324,0,1.3651,3.3333
2033,8,20,0.2302,0.0089,0,1e-04
2033,8,21,2.8557,2.4366,0,0
2033,8,22,3.4009,7.2199,1.811,1.1763
2033,8,23,1e-04,4.8061,3.5044,13.2204
2033,8,24,0.0157,0.0012,0.0179,7.3418
2033,8,25,2.2846,0,1.264,7.2303
2033,8,26,0.1267,0,4.2512,3e-04
2033,8,27,3.9282,0.0732,0,1e-04
2033,8,28,10.594,1.393,0,2e-04
2033,8,29,2.7632,18.4532,0.717,9.8961
2033,8,30,4.0329,23.3787,1.7833,5.9716
2033,8,31,12.7239,13.3005,11.4068,0.0703
2034,8,1,2.7746,0,0.2949,9e-04
2034,8,2,9.0825,0.0024,2.097,5.7279
2034,8,3,10.6696,2.1849,4.0241,6.3168
2034,8,4,1.654,1.9471,4.095,1.3426
2034,8,5,0,2.2612,1.6623,4.5393
2034,8,6,9.354,1.1288,2.8442,1.5765
2034,8,7,12.6158,1.0886,0.3721,9.3731
2034,8,8,7.9704,0,0.031,10.3871
2034,8,9,6.8724,0.4431,0.0463,2.3559
2034,8,10,7.2707,6.1722,0.006,1.1374
2034,8,11,10.4783,13.4743,1.8113,0.1072
2034,8,12,11.2989,11.4449,4.3357,0.0047
2034,8,13,4.2745,3.3676,2.3439,0.0011
2034,8,14,0.0705,0.3622,1.793,2.5411
2034,8,15,2.0176,0.2414,3.9915,1.1193
2034,8,16,4.7411,0.1587,2.0646,5.7269
2034,8,17,10.2857,0,0,5.2816
2034,8,18,12.8013,0,0,1.3008
2034,8,19,6.2115,0,0.2683,3.7929
2034,8,20,2.7031,0,3.1607,2.4961
2034,8,21,2.4916,1.5345,3.3485,2.3109
2034,8,22,4.1417,8.4174,3.2484,1.9844
2034,8,23,10.5195,5.7451,8.3213,3.1514
2034,8,24,7.4235,9.9448,6.6908,0.9705
2034,8,25,3.1767,1.7201,1.1384,0.0957
2034,8,26,6.349,0,0.1323,0.299
2034,8,27,2.5048,3.4034,0.2644,1.0255
2034,8,28,0.1141,0.5195,0.9364,2.1533
2034,8,29,0,0.2034,9.6261,9.1901
2034,8,30,0,0.9491,2.9856,2.6675
2034,8,31,0.0022,0.9276,2.4077,0.0019
2035,8,1,2.699,22.9485,1.5254,1.6703
2035,8,2,16.6958,1.279,3.1931,0
2035,8,3,8.9798,0.073,5.2377,0.306
2035,8,4,5.579,0.4266,3e-04,5.356
2035,8,5,2.3209,0.0223,5.3473,7.8064
2035,8,6,48.2958,0,0.2135,1.7526
2035,8,7,16.5167,5e-04,0,1.3725
2035,8,8,0.7288,0.0208,0.3934,4.6368
2035,8,9,1.6769,0.0372,0.2984,0.5719
2035,8,10,2.1047,0.3144,3.1691,0.0468
2035,8,11,8.3118,6.1328,3.3493,0.0041
2035,8,12,14.7359,13.5501,2.1979,0.0052
2035,8,13,0.0354,1.121,0.0375,0.0313
2035,8,14,0.0011,2.6274,0.4771,8.299
2035,8,15,0.5598,1.8748,0.5312,8.6059
2035,8,16,0.8202,0.8315,0.4429,3.9119
2035,8,17,1.4705,11.3628,0.9601,0.425
2035,8,18,0.4583,0.0943,3.6045,0.6774
2035,8,19,6.6689,0,1.7654,0.6197
2035,8,20,12.2204,0,0.4712,0.822
2035,8,21,3e-04,0.614,0.0242,0.8565
2035,8,22,0,0.6811,0,5.819
2035,8,23,0,0.2776,0,10.3121
2035,8,24,0.002,0.0069,2.3667,0.9605
2035,8,25,0.0393,0,2.4391,0.4907
2035,8,26,0,0.0059,0.5337,0.0172
2035,8,27,0.0077,2.1555,0.725,9e-04
2035,8,28,10.5295,5.6871,0.1466,0.8779
2035,8,29,11.9455,0,0.7258,0.9055
2035,8,30,0.2682,0.1026,3.5526,1.8555
2035,8,31,0,0.4801,7.2121,4.2786
2036,8,1,4.046,1.3374,0.0019,0.8585
2036,8,2,1.5281,0,0.4829,7.6384
2036,8,3,11.4597,6.8821,0.9837,3.2501
2036,8,4,9.0947,1.259,1.2522,2.1553
2036,8,5,5.0302,0,1.6152,2.5827
2036,8,6,3.0541,0.0067,9.6656,0.2414
2036,8,7,0.4057,0.361,23.2876,3.4855
2036,8,8,4.8598,0,0.2293,8.2703
2036,8,9,3.2768,0.0345,0.0915,17.8989
2036,8,10,0,2.4529,0.0897,11.3725
2036,8,11,0.0526,1.3361,4.6547,3.8345
2036,8,12,11.0978,3.5199,4.3623,3.31
2036,8,13,1.9877,0.0052,0.9959,3.4803
2036,8,14,0.2032,6.0136,0.0807,6.3301
2036,8,15,0.8512,0.8435,0.5215,1.1898
2036,8,16,5.5161,3.3429,19.9905,0
2036,8,17,2.3012,8.5319,4.3646,0
2036,8,18,8.2734,2.1591,0.2032,0
2036,8,19,3.2882,0.0018,0.1428,0.5798
2036,8,20,0.0325,0.0509,1.4547,1.8588
2036,8,21,0.0933,12.3341,0.9045,0.1289
2036,8,22,0.5168,3.1732,1.515,0.1988
2036,8,23,4.7114,0,3.1686,7.0825
2036,8,24,10.9039,0.048,0.8902,1.9402
2036,8,25,0.1945,0.086,0.0052,0.0141
2036,8,26,0.0091,0.0838,0.0013,5.4935
2036,8,27,3.6343,0.2713,0,4.3915
2036,8,28,9.0981,9.3132,0.0114,2.829
2036,8,29,10.9316,3.3543,12.5106,0.8187
2036,8,30,5.7646,14.4597,1.9172,0.0356
2036,8,31,3.2763,0.2073,0.71,0.0053
2037,8,1,12.7784,0.0081,0.7763,3.8934
2037,8,2,12.211,0.6554,0.512,4.9743
2037,8,3,2.823,2.1923,2.4771,0.647
2037,8,4,7.095,7.6635,1.6991,2.2157
2037,8,5,9.812,12.5002,0.0015,0.048
2037,8,6,0.1264,3.5452,4.1746,0.1108
2037,8,7,0.4465,1.6318,0.1398,3.5643
2037,8,8,0.5028,1.9241,0.0396,5.3542
2037,8,9,0.2256,0.0321,0,0.0829
2037,8,10,19.5756,2.0165,0,0.2549
2037,8,11,2.5495,4.7648,0.0164,5.353
2037,8,12,1.9003,0,0.0934,9e-04
2037,8,13,2.7875,0,4.6062,0
2037,8,14,13.2231,0,0.0393,0.0014
2037,8,15,1.7349,8.5558,2e-04,0.04
2037,8,16,12.3213,14.2082,6.7912,0
2037,8,17,5.5574,8.4722,0.1726,0.0424
2037,8,18,3.9813,0.5723,0.6705,0.0015
2037,8,19,9.9931,0.4215,3.4847,2.8541
2037,8,20,2.3435,2.7169,0,0.568
2037,8,21,4e-04,1.7438,0,2.7186
2037,8,22,0.0295,3.1696,0.2271,10.9413
2037,8,23,0.5902,4.9545,0.0115,2.7722
2037,8,24,0.6371,0.9264,1.6159,0.0071
2037,8,25,0.2918,4.554,13.658,0.3453
2037,8,26,0,0.7284,0,0.0653
2037,8,27,0,3.9398,0,1.3999
2037,8,28,0,13.5819,0.0054,0.2202
2037,8,29,0.1609,1.8891,1.1593,0
2037,8,30,0.0434,5e-04,3.8743,0
2037,8,31,1.1731,0,0.2457,2.0824
2038,8,1,1.0182,0.0724,0.2019,21.6086
2038,8,2,0.0059,5.3853,0,9.916
2038,8,3,1.5661,0.0629,0,3.6447
2038,8,4,0.2635,0.0879,14.6254,0.5059
2038,8,5,0.3434,0,21.3259,3.2108
2038,8,6,0.0706,0.5204,6.2598,2.1311
2038,8,7,0,1.0968,3.3499,2.0786
2038,8,8,0,0.7844,21.6074,1.9108
2038,8,9,0.7653,9.1744,4.5596,4.9786
2038,8,10,15.7401,3.2497,0.0395,0.4615
2038,8,11,22.6771,0,0.9855,0.0195
2038,8,12,5.438,2e-04,3.2826,6.6071
2038,8,13,0.2789,1.5638,0.0161,0.2804
2038,8,14,0.1728,13.9873,0.1354,0.0101
2038,8,15,1e-04,15.6818,0.5801,6e-04
2038,8,16,0,16.725,8.5511,0.2321
2038,8,17,0.0046,1.3155,10.1694,13.7795
2038,8,18,0.9311,0.743,11.7186,0.7237
2038,8,19,9.2636,2.9248,12.2186,0.1392
2038,8,20,3.947,4.6331,1.3466,0.0038
2038,8,21,8.5177,1.1349,0.0137,0.2257
2038,8,22,0.4339,9.4519,0.0049,0.0126
2038,8,23,0.0243,4.8443,0.0735,2.2559
2038,8,24,5.2309,3.354,0.0547,11.0008
2038,8,25,11.0076,5.1263,0.27,5.3505
2038,8,26,9.1873,9.6275,0.5536,0.6578
2038,8,27,7.1114,1.1442,0.4779,8.3314
2038,8,28,4.3563,0,11.8682,0.7126
2038,8,29,2.2011,0.8429,5.0645,0.8056
2038,8,30,11.8314,11.2784,0.042,0.0516
2038,8,31,2.8865,2.7366,0.0071,0.1792
2039,8,1,0.0225,13.6915,5.8142,0.402
2039,8,2,1.3904,1.856,10.7136,1.2112
2039,8,3,11.5447,0,6.1238,1.9513
2039,8,4,14.9339,0.9492,5.7798,6.1481
2039,8,5,23.3654,4.6765,5.082,2.3789
2039,8,6,11.5609,2.6092,0.0178,6.9794
2039,8,7,5.3954,0.0591,2.9881,8.8945
2039,8,8,15.3636,0.0165,12.2436,3.3792
2039,8,9,6.0505,0.136,0.1221,5.2112
2039,8,10,0.2839,10.0591,4.2946,18.2644
2039,8,11,0.793,4.6483,2.8,0.1582
2039,8,12,0,1.6928,0,0.2566
2039,8,13,3.4424,10.1543,0,0.016
2039,8,14,4.2273,0.9467,2.8377,3.8163
2039,8,15,0.4829,0.3231,21.3815,14.429
2039,8,16,4.2721,0.4651,0.0407,1.8991
2039,8,17,0.3174,0.0104,0,0.1635
2039,8,18,0.0055,2.3991,0,0.1422
2039,8,19,0.1883,13.6332,0.2389,5.9954
2039,8,20,1.8228,13.8143,7.5675,7.2352
2039,8,21,0.667,1.8324,2.8994,4.7928
2039,8,22,0.6214,1.7677,0,3.431
2039,8,23,0.0023,7.6522,0.0182,5.6809
2039,8,24,0.7067,1.4992,0.4426,4.1774
2039,8,25,0.6853,0,3.6821,5.3819
2039,8,26,0,0,0.0086,9.654
2039,8,27,3e-04,0.0159,1e-04,5.9892
2039,8,28,0.1597,5.7216,0.4727,0.5528
2039,8,29,4.4308,1.6663,10.1722,1.1423
2039,8,30,9.7737,1.3487,0.6014,6.3331
2039,8,31,12.1782,11.0366,1e-04,4.7043
2040,8,1,0.0035,1.1762,0.9257,7.8743
2040,8,2,0.0338,3.2879,5.0906,7.1247
2040,8,3,4.6781,6.6502,0.4043,7.6035
2040,8,4,14.1539,11.1555,0,7.0692
2040,8,5,8.843,6.8604,0.5655,4.0694
2040,8,6,0.0068,5.9047,0.8647,4.1726
2040,8,7,0.0364,0,1.6028,2.324
2040,8,8,1.6238,0.0064,0.9431,4.5425
2040,8,9,0.9258,0.3222,0.2364,13.4537
2040,8,10,0,4.8942,2.4524,11.5709
2040,8,11,0.199,5.5259,7.8377,4.4018
2040,8,12,5.5301,6.6619,0.7192,1.0334
2040,8,13,1.654,11.569,0.4078,1.5939
2040,8,14,1.0109,1.0921,0.0189,4.4055
2040,8,15,0.9276,0.4268,2.5113,1.4013
2040,8,16,0,9.1058,17.4986,0.783
2040,8,17,0,4.6067,14.538,2.7039
2040,8,18,0,6.1691,4.7476,7.1677
2040,8,19,0,5.4041,0,7.8325
2040,8,20,0.1016,15.5027,0.0763,2.4244
2040,8,21,5.155,4.336,11.1899,1.2796
2040,8,22,6.0669,0.6045,7.7011,1.503
2040,8,23,1.9648,3.8074,0.0054,0.0012
2040,8,24,0.0818,19.5134,0.8639,0.0243
2040,8,25,1.4182,13.6091,5.145,0.0058
2040,8,26,4.2933,13.6375,8.3113,0.0111
2040,8,27,9.7669,1.616,10.7193,0.0688
2040,8,28,2.429,0,0,0.0956
2040,8,29,0.6537,0.0107,0.1642,0.1164
2040,8,30,0.676,1.9019,0.124,3.1851
2040,8,31,1.2605,3.0958,0.0559,6e-04
2041,8,1,8.047,0,0,8.8124
2041,8,2,4.5891,0,0.2994,0.3214
2041,8,3,1.7851,0.024,0.0046,0
2041,8,4,0.0383,0.001,0.0198,1.7234
2041,8,5,16.2342,5.7896,0.5038,3.4524
2041,8,6,1.6876,5.835,4.5271,4.7447
2041,8,7,7.8564,4.8825,1.769,0.6177
2041,8,8,4.793,1.1778,1.8403,0
2041,8,9,0.1091,0.1167,1.6622,0
2041,8,10,0.1305,0.6035,8.776,1.9122
2041,8,11,0.2045,0.6428,12.3967,10.8673
2041,8,12,0.6495,0.8364,0.2143,0.0511
2041,8,13,0.0077,7.8695,0,6e-04
2041,8,14,3.3845,6.8523,5.4176,4.5318
2041,8,15,7.3404,5.9869,19.5037,17.3289
2041,8,16,11.5015,1.4731,10.4951,0.5705
2041,8,17,2.8566,0.2174,14.2733,0.3203
2041,8,18,2.4174,0.8404,1.7828,0.1332
2041,8,19,18.9398,3.888,0.0649,1.9
2041,8,20,8.0659,7.205,2.4391,0.6196
2041,8,21,0.2495,10.4162,0.3039,0.095
2041,8,22,2e-04,6.3175,1.4274,0
2041,8,23,0,0.9344,1.5554,0
2041,8,24,0.0321,0.9054,4.0863,0.0792
2041,8,25,5.4332,5.681,9.9015,0.3985
2041,8,26,15.1227,13.6274,0.9395,0.0771
2041,8,27,0.0288,0.6258,3.4026,0.0612
2041,8,28,0.6822,0.1678,1.0402,0.5557
2041,8,29,1.3051,0,0.0031,0
2041,8,30,0.501,0.1234,0.0823,0.0214
2041,8,31,7.4328,3.1259,0.4222,3.1825
2042,8,1,0.1524,7.6506,13.7252,0.013
2042,8,2,0.0303,5.9843,0.3089,0.8055
2042,8,3,3.8539,2.8665,3.4403,21.0843
2042,8,4,0.8603,3.2132,18.2537,6.0888
2042,8,5,0,4.1512,11.4926,0.9108
2042,8,6,20.3583,15.3643,13.3522,0.1596
2042,8,7,15.4994,2.2563,8.3711,0.0416
2042,8,8,0.4539,0,5.275,0.1131
2042,8,9,0.2514,0,4.4689,0.8461
2042,8,10,1.8253,0,9.3933,0.6011
2042,8,11,0.5774,0.2087,0.9644,2.8091
2042,8,12,0.3857,2.4556,0.1571,4.6827
2042,8,13,0.0024,12.0526,5.9037,16.8291
2042,8,14,1.1491,1.8043,0.0082,0.4204
2042,8,15,2.2094,0,6.1781,0
2042,8,16,3.2425,0.1036,1.2116,0
2042,8,17,20.2286,2e-04,0.0077,0.0918
2042,8,18,9.0861,0,0.0022,5.6302
2042,8,19,6.5557,0,0,11.5086
2042,8,20,8.6498,0.4341,3.0351,7.6115
2042,8,21,8.14,3.5216,9.4373,1.3047
2042,8,22,0.1825,0,0.7245,0.286
2042,8,23,0.163,0.106,0.2293,0.0174
2042,8,24,9.8305,0.9178,0.3493,0
2042,8,25,2.008,0,0,0.0013
2042,8,26,0,0,1.8731,0.0029
2042,8,27,0,0.0033,1.0116,0.3573
2042,8,28,0,2.6893,0.7067,0.0354
2042,8,29,0.0133,10.9185,1.5488,0.0037
2042,8,30,0.7545,0.4833,1.8229,0.7232
2042,8,31,5.9772,0.168,3.0973,1.1365
2043,8,1,7.857,1.0223,0.7004,2.6926
2043,8,2,1.5944,0.0084,13.1654,2.5222
2043,8,3,5.512,2.1873,10.2048,14.3401
2043,8,4,0.5887,3.4344,1.5081,0.9243
2043,8,5,1.4333,1.1795,0.1274,15.5561
2043,8,6,8.7866,0.6445,0.2593,13.2504
2043,8,7,12.876,0.1809,1.6183,13.1425
2043,8,8,3.032,0.0052,4.373,22.1587
2043,8,9,7.103,0.1803,13.2659,7.0712
2043,8,10,2.7357,0.1924,1.5824,1.7621
2043,8,11,4.4875,0,1.0121,1.8841
2043,8,12,4.0225,0.6481,1.4914,2.7212
2043,8,13,0.1527,1.6531,5.4548,0.9444
2043,8,14,0.0994,0.7524,14.7496,1.4319
2043,8,15,5.7883,0.8399,5.8861,1.9962
2043,8,16,3.3194,0.5945,0,0.8919
2043,8,17,0.341,0.0135,40.8184,12.5383
2043,8,18,0.0942,0.0039,0.1196,1.0386
2043,8,19,0.3651,0,0.0041,1.9046
2043,8,20,2.3327,1.5243,0.494,0.0196
2043,8,21,1.6918,4.0754,0.6268,0
2043,8,22,0,2.7654,6.1627,0.7503
2043,8,23,0,6.8036,9.1744,0.226
2043,8,24,0,1.3838,13.1148,1.7365
2043,8,25,0.0016,11.0133,9.8979,0.8999
2043,8,26,3.4148,4.9712,12.3824,0
2043,8,27,9.0736,3.1283,0.5543,0
2043,8,28,10.9203,2.3515,0.2236,0
2043,8,29,10.7493,0.2429,0.3455,0
2043,8,30,1.7708,0.3172,0.6378,0.9509
2043,8,31,1.2967,6.6356,3.0458,0.0226
2044,8,1,23.2801,18.858,5.5961,6.0147
2044,8,2,0.9805,9.0052,15.4496,7.8283
2044,8,3,0.5481,1.4532,12.5006,8.0846
2044,8,4,0,3.7932,1.5591,4.1726
2044,8,5,0.0775,9.6122,4.1726,1.042
2044,8,6,2.6057,8.3877,7.1488,2.8567
2044,8,7,2.1384,4.8124,4.2391,2.4867
2044,8,8,0.356,0.2477,15.972,16.4517
2044,8,9,4.7517,0.1593,16.9141,4.0633
2044,8,10,13.7564,11.9991,5.8284,0.0331
2044,8,11,4.1258,3.0281,0.0015,0.5743
2044,8,12,0.1383,5.0753,0.0269,1.2329
2044,8,13,6.5853,0.2479,0.4903,3.2057
2044,8,14,3.7382,0.0881,0.8168,1.2667
2044,8,15,4.3922,1.3897,0.4614,1.9178
2044,8,16,5.2629,0.8016,0.7685,15.2125
2044,8,17,5.1893,0.9791,6.4469,5.2853
2044,8,18,6.0646,6.8788,2.6501,2.3592
2044,8,19,5.4836,0,3.1339,1.3719
2044,8,20,16.3235,1.9999,1.2014,0.3353
2044,8,21,2.6056,2.6393,1.6904,2.6604
2044,8,22,0,6.0273,2.6269,1.0291
2044,8,23,0,2.9484,4.7975,0.0414
2044,8,24,2e-04,0.4801,10.4147,7e-04
2044,8,25,3e-04,0.3937,11.1938,0.3772
2044,8,26,0.0242,0.3236,0.0069,0.2749
2044,8,27,0.2811,3.9592,0,0.4881
2044,8,28,0.0985,6.8769,0.3041,0
2044,8,29,0.7939,0,0.9243,0.0106
2044,8,30,0.6229,0,0.5233,0.6697
2044,8,31,0.0495,0.7453,0.4081,4.6123
2045,8,1,0.2792,1.9215,0.1415,3.0707
2045,8,2,3.2533,0.0136,10.0804,0.0935
2045,8,3,4.7915,0,9.5416,1.2982
2045,8,4,3.944,1.7847,3.5425,1.5892
2045,8,5,3.0262,6.1776,0.4934,0.1572
2045,8,6,2.2326,13.3981,2.19,2.2096
2045,8,7,4.5971,12.2721,2.5272,8.8722
2045,8,8,10.6307,13.4082,5.4183,3.5169
2045,8,9,6.0426,12.3133,2.6752,0.2992
2045,8,10,0.4352,1.6388,3.7607,4.1095
2045,8,11,0.1147,3.1018,3.4413,14.3299
2045,8,12,0,0.1562,2.292,3.9201
2045,8,13,0,1.4553,0.0944,0.0347
2045,8,14,1.6058,11.4756,2.1267,4.6104
2045,8,15,0.3811,0.234,4.9289,16.5636
2045,8,16,1.9864,0.4515,11.7542,34.1731
2045,8,17,1.1263,0.0012,2.5304,3.0195
2045,8,18,0.1164,0.3082,1.2128,0
2045,8,19,3.4718,14.3813,0.3835,3.8252
2045,8,20,7.0959,18.5039,6.1603,5.6408
2045,8,21,1.5353,0.0025,0.0016,2.937
2045,8,22,0.6237,1e-04,0,5.2724
2045,8,23,7.991,0.001,0.6077,4.5104
2045,8,24,12.0895,0.0137,0.5618,7.1669
2045,8,25,1.8237,0.9094,8.5649,0.1459
2045,8,26,0.152,0.0749,16.0423,8.0212
2045,8,27,0,0.0318,1e-04,14.1194
2045,8,28,0,0,0.003,4.8934
2045,8,29,7.5109,7e-04,3.0792,3.3857
2045,8,30,0.1713,0.966,8.6468,5.5004
2045,8,31,0.0489,2.2484,1.3767,0
2046,8,1,3.4986,3.1641,0.0122,0
2046,8,2,42.7536,13.103,2.6916,0.1125
2046,8,3,13.6696,0.0023,14.0499,4.5583
2046,8,4,3.4756,0.3418,11.3467,0.5247
2046,8,5,0.2342,0.8978,0,0.5999
2046,8,6,0.0107,0,17.1219,0.1739
2046,8,7,6.4437,2.6573,0.7294,1.4195
2046,8,8,3.491,14.1803,5e-04,2.6462
2046,8,9,0.0347,9.7056,7e-04,4.6917
2046,8,10,0.133,1.7381,0.1252,0.0031
2046,8,11,0.0019,4.8112,9.7152,3e-04
2046,8,12,8.6007,5.9698,13.6468,0.0036
2046,8,13,7.5957,7.6389,26.4863,0.127
2046,8,14,2.8314,6.7295,12.1301,16.3296
2046,8,15,3.992,5.7328,15.6051,12.2539
2046,8,16,47.6931,0,2.9425,1.1124
2046,8,17,7.8845,0.0045,1.0991,1.0312
2046,8,18,0.558,0.0045,4.2715,3.7708
2046,8,19,0.2442,4.758,4.76,5.2981
2046,8,20,0.4152,14.6772,3.294,1.0612
2046,8,21,0.3245,11.1088,0.0041,1.3806
2046,8,22,7.6078,1.3954,1e-04,25.4356
2046,8,23,5.3104,1.3203,0.3627,3.8979
2046,8,24,14.8143,7.823,2.6268,0.057
2046,8,25,0.9416,1.1726,4.0991,0.0058
2046,8,26,1.0004,0.0991,0.1611,0.0026
2046,8,27,0.1155,0.4124,3.8716,0
2046,8,28,0.084,0.0012,2.8022,0.4816
2046,8,29,0.0805,2.3121,8.2704,1.4107
2046,8,30,0.0044,4.5298,13.45,0.0053
2046,8,31,0.5446,0.0549,13.2685,0.625
2047,8,1,4.0901,1.7072,4e-04,5.7643
2047,8,2,9.1218,0.2218,1.0092,0.7765
2047,8,3,5.8107,8.7183,11.5032,3.833
2047,8,4,4.3136,18.9299,4.649,1.0484
2047,8,5,15.2778,20.8968,0.2061,0.0598
2047,8,6,8.2272,18.5624,0.001,5.7926
2047,8,7,0.6517,11.3131,0,8.4884
2047,8,8,0.1639,9.7253,2.2184,0.8141
2047,8,9,0,18.278,0.1151,1.2722
2047,8,10,0.3238,15.7784,1.9976,6.9669
2047,8,11,0.474,1.8496,14.7087,1.0289
2047,8,12,0.198,4.5333,0.8952,0
2047,8,13,0,7.7701,0.0832,7.5194
2047,8,14,3.9383,1.57,1.6048,13.7496
2047,8,15,11.5534,2.5119,6.8066,3.4031
2047,8,16,0.14,11.9254,0.438,4.0858
2047,8,17,0,3.5114,2.0271,4.7542
2047,8,18,0,9.4402,6.4556,1.8965
2047,8,19,2e-04,3.8217,4.7254,1.616
2047,8,20,0.0279,0.0723,2.3673,8.0673
2047,8,21,0.0843,13.2432,0.5176,9.1327
2047,8,22,0.0203,25.4213,5.2549,13.1146
2047,8,23,2.1929,0.0128,0.735,1.8337
2047,8,24,2.5941,6.3476,1.5512,0.2546
2047,8,25,3.6201,3.2054,19.0106,4.5479
2047,8,26,10.6929,0.2125,0.0037,6.7075
2047,8,27,0,0.5904,0,4.9136
2047,8,28,0,13.3943,0.1001,3.1351
2047,8,29,0.0011,0.3777,0.0522,0.0073
2047,8,30,7e-04,0.0881,0.0588,0
2047,8,31,2e-04,13.8061,0.3577,0
2048,8,1,0.0603,5.8156,14.1174,1e-04
2048,8,2,4.7607,4.2843,1.9931,3e-04
2048,8,3,4.8572,0.4438,0.0257,8e-04
2048,8,4,3.0705,1.0039,0.2577,0.9866
2048,8,5,0.6371,7.1613,1.1907,9.5442
2048,8,6,0.0323,0.9601,11.3799,0.0061
2048,8,7,0.4185,7.6325,0.1344,0
2048,8,8,4.8693,11.1943,0,0.1029
2048,8,9,2.1814,7.8304,0.1723,0.6166
2048,8,10,0.0014,8.1568,0.5934,0.0876
2048,8,11,5.778,4.585,0.1604,2.0041
2048,8,12,1.0178,6.0948,2.9122,4.5752
2048,8,13,1.7397,7.1188,11.735,1.4778
2048,8,14,12.0205,5.9604,19.1619,3.2312
2048,8,15,4.9708,3.2903,14.5935,5.6093
2048,8,16,0,6.1288,1.4455,2.31
2048,8,17,0.3622,13.5104,1.1455,0.0011
2048,8,18,0.1033,4.5749,0.6227,0.0376
2048,8,19,8.2331,0,0.7192,4.5168
2048,8,20,6.0458,0,0.3885,12.4755
2048,8,21,17.7518,3e-04,0.4091,0.4228
2048,8,22,2.2872,0.0025,0.1348,0
2048,8,23,0.0094,0.0046,1.6745,0.1037
2048,8,24,3.6593,0,2.6263,0
2048,8,25,12.3949,4.0796,3.6195,0
2048,8,26,5.816,1.0917,1.738,1.0641
2048,8,27,14.3321,2.055,0,1.3758
2048,8,28,1.2174,1.7934,0.001,4.4495
2048,8,29,0.276,15.5359,6.9147,12.9623
2048,8,30,0.1068,6.2499,2.546,4.0454
2048,8,31,0.5163,1.6019,20.4612,0
2049,8,1,1.2625,25.3055,4.0045,3.2173
2049,8,2,0.225,4.5073,4e-04,2.8387
2049,8,3,0,3.6228,4.086,1.8946
2049,8,4,0,1.0238,5.8072,9.1379
2049,8,5,2.9513,0.402,4.7479,17.2664
2049,8,6,3.9269,2.2258,1.8642,11.4267
2049,8,7,0.9007,0,6.4492,2.0982
2049,8,8,0.7866,2.3119,3.3837,5.2054
2049,8,9,1.4324,4.2925,0.6222,0.3736
2049,8,10,4.0246,0.2862,17.7107,0
2049,8,11,5.8244,1.3554,1.9555,0.6173
2049,8,12,0.0028,10.1546,0.7291,3.9291
2049,8,13,1.5933,0,0.0222,3.149
2049,8,14,0.1142,0,9.6642,9.1676
2049,8,15,0,0.6733,13.0828,0.026
2049,8,16,0.2587,4.1195,0.2508,6.627
2049,8,17,4.6345,15.828,0,8.9012
2049,8,18,8e-04,11.358,0,0.9827
2049,8,19,8.2176,6.1144,7e-04,0.0531
2049,8,20,25.3737,15.6227,0.3764,0.1964
2049,8,21,8.28,5.2393,22.0332,22.5561
2049,8,22,6.1271,0,0.9224,13.5346
2049,8,23,2.9284,0.4524,0.0014,6.4874
2049,8,24,16.0952,11.7879,0.2715,0.0295
2049,8,25,5.5073,1.6981,0.0086,0.0231
2049,8,26,5.593,0.5979,0.037,0.0101
2049,8,27,7.0925,5.7022,0.5484,0.1671
2049,8,28,6.8857,5.14,23.5648,0.108
2049,8,29,3.2151,13.2191,8.3235,0.0012
2049,8,30,0.2241,3.1661,7.0092,0.3804
2049,8,31,0.1704,0.2695,0.7931,1.2235
2050,8,1,0.0443,0.0011,8.7604,0.9701
2050,8,2,0.1154,0,1.1562,5.6283
2050,8,3,12.474,0,0,7.2292
2050,8,4,7.4144,0.5235,2.8798,1.2141
2050,8,5,4.0527,8.7563,0.0107,0.9372
2050,8,6,0.0361,0.5401,0,3.3689
2050,8,7,1.4892,3.8414,0.048,4.2713
2050,8,8,7.4852,2.7013,2.4482,0.1064
2050,8,9,7.0009,1.1175,8.979,0
2050,8,10,0.1742,2.9124,2.2541,3.8059
2050,8,11,0.3385,2.6507,0.121,8.1149
2050,8,12,1.4654,5.3679,6.3926,13.2207
2050,8,13,1.2748,0.8602,0.0234,18.1955
2050,8,14,0.0575,5.2484,0.0426,14.9293
2050,8,15,3.2754,3.3982,0.0178,10.5865
2050,8,16,19.0378,0,15.8081,7.2845
2050,8,17,0.765,0,0.5869,4.7325
2050,8,18,21.6764,0,2.2233,9.6964
2050,8,19,13.3069,1e-04,5.5445,5.9898
2050,8,20,2.7144,0.2736,8.8101,3.641
2050,8,21,4.0885,11.5845,4.5158,10.156
2050,8,22,1.6705,0.3014,9.3408,13.6284
2050,8,23,4.8403,5e-04,0.1466,10.9673
2050,8,24,3.2836,8.6152,0.1996,16.9701
2050,8,25,0,3.7226,0.0202,4.5575
2050,8,26,0.0112,0,0.0244,2.4008
2050,8,27,4.4558,0.3989,0.0077,0.7706
2050,8,28,7.7236,1.6362,0.0053,15.7076
2050,8,29,3.962,6.5943,0,3.3001
2050,8,30,13.5764,9.519,0,0.5547
2050,8,31,13.5225,0.6418,0.4854,9.4023
2051,8,1,1e-04,0.4226,0.516,4.9588
2051,8,2,0,2.1176,0.0042,8.842
2051,8,3,0.004,8.4482,5.827,8.2684
2051,8,4,3.2622,2.9169,8.1461,10.0794
2051,8,5,8.2527,14.2404,6.1268,2.5944
2051,8,6,0.8984,9.1395,19.8335,1.5909
2051,8,7,2.7033,0.0125,15.3818,0.8902
2051,8,8,3.2697,7.2384,6.3414,0.3466
2051,8,9,10.6513,7.9206,6.4921,10.994
2051,8,10,5.062,0.6596,5.181,8.962
2051,8,11,0,0,2.1598,3.1301
2051,8,12,7.0841,0.015,4.5749,8.5262
2051,8,13,9.9131,5.9845,8.3031,0
2051,8,14,13.5132,2.373,1.9223,56.1111
2051,8,15,12.9089,0.1758,11.5334,91.4785
2051,8,16,2.9632,1.6426,6.1799,0.9082
2051,8,17,3.2925,1.6775,5.4438,4.1995
2051,8,18,3.9194,6.706,9.6564,0.7651
2051,8,19,6.8951,1.0574,2.2628,0
2051,8,20,0.7777,10.8322,0.3339,0.3467
2051,8,21,1.0813,29.9461,2.8749,2.1074
2051,8,22,1.2527,3.9539,9.5753,3.0173
2051,8,23,0.0031,0,8.7849,0.0437
2051,8,24,8e-04,0,17.9125,0.0037
2051,8,25,0,2e-04,0.024,0.7036
2051,8,26,0,0.4568,0.0637,4.7436
2051,8,27,0,4.0243,0.0284,2.4207
2051,8,28,0,1.5548,0.1126,1.4045
2051,8,29,0.2465,1.127,0.6736,0.0088
2051,8,30,0.5989,0.5955,2.7617,2.4275
2051,8,31,9.4204,0,3.7906,5.9198
2052,8,1,3e-04,2.335,4.2896,3.2962
2052,8,2,0.0498,5.4093,6.3164,12.4381
2052,8,3,0.1098,1.2798,5.8449,7.5357
2052,8,4,2.22,0.0206,12.0999,3.8205
2052,8,5,5.9819,0.93,0.9394,2.8736
2052,8,6,9.2903,0.2994,1.6257,5.967
2052,8,7,0.7652,1.2091,2.0512,2.316
2052,8,8,1.318,1.2576,6.6615,0.7157
2052,8,9,3.4807,5.4062,0.0011,7.6986
2052,8,10,0,13.2126,1.3009,6.4557
2052,8,11,0,3.9548,7e-04,1.7609
2052,8,12,0.2669,0.0111,0,3.3525
2052,8,13,11.0333,9.1729,0.9742,6.2939
2052,8,14,8.0318,0.0046,0.0244,2.3768
2052,8,15,4.0832,0,0.2263,3.5402
2052,8,16,6.5296,9e-04,0.5144,8.475
2052,8,17,0.0247,0.0509,0.3936,16.4374
2052,8,18,0,5.5924,3.3203,3.8209
2052,8,19,9.1446,9.9154,0.5375,15.7875
2052,8,20,8.1487,0.2889,0,7.0154
2052,8,21,0.2285,0.0032,1.4405,7.5872
2052,8,22,0.0998,12.162,1.7771,0.4134
2052,8,23,0.0012,9.0591,0.0327,0.9737
2052,8,24,0.0349,0.0481,0.7289,9.6186
2052,8,25,1.4754,0.1231,3.9968,2.6753
2052,8,26,5.2684,0.0427,3.0794,0.0793
2052,8,27,6.7097,0,2.5603,7e-04
2052,8,28,0.809,0,11.0727,0.0447
2052,8,29,2.228,0,0.668,6.2736
2052,8,30,4.6403,3.841,0,9.3278
2052,8,31,0.0087,9.7674,4.6873,2.1885
2053,8,1,9.6072,4.3613,4.2385,18.4627
2053,8,2,5.9364,0.0015,1.6001,11.1707
2053,8,3,2.2932,0.7251,5.9821,10.4798
2053,8,4,0.4528,0.7483,11.8711,4.3647
2053,8,5,0.8004,0.0441,0,3.7717
2053,8,6,0.6371,10.9395,0.003,5.2238
2053,8,7,1.2008,17.7145,45.511,4.4317
2053,8,8,0.0439,6.7201,10.2578,1.8119
2053,8,9,0.1102,2.1794,1.418,7.0684
2053,8,10,1.0994,0,4.7195,0.864
2053,8,11,2.7426,4.5363,2.1985,0.1456
2053,8,12,1.7168,2.6704,1e-04,1.3254
2053,8,13,5.6955,0,2e-04,6.9858
2053,8,14,10.3903,2e-04,0.3053,6.7059
2053,8,15,8.9233,0.0233,3.2378,0.4747
2053,8,16,2.2536,0.001,7.413,2.5378
2053,8,17,0,1.3586,8.2709,2.427
2053,8,18,1.502,4.0059,9.4277,7.7748
2053,8,19,5.3579,1.9526,9.223,8.8793
2053,8,20,6.8648,0.3881,8.0587,3.0086
2053,8,21,0.8972,9.6687,1.0586,8.5837
2053,8,22,10.3227,1.0726,1.9992,2.6264
2053,8,23,3.4122,0.3169,3.2787,11.9278
2053,8,24,6.1768,0.0035,4.6397,5.3746
2053,8,25,6.3656,0.1709,8.0754,0
2053,8,26,3.5264,0,6.725,0
2053,8,27,16.1174,2.3493,6.3645,0.3062
2053,8,28,27.1163,2.3336,13.3625,0.0095
2053,8,29,10.6047,0,0.9311,0
2053,8,30,1.217,0,0,0
2053,8,31,1.9129,0.0137,0.0097,1.6978
2054,8,1,2.3645,1.2738,10.2485,7.675
2054,8,2,8.2754,0.6926,0.2589,7.6805
2054,8,3,20.0554,0.2531,0.7664,5.5092
2054,8,4,21.6567,8.393,5.0259,2.8777
2054,8,5,7.77,6.9155,2.5662,7.9457
2054,8,6,0.172,1.6878,0,0.8656
2054,8,7,6.3647,8e-04,0.0301,0.2564
2054,8,8,16.862,1.2592,0.0496,1.226
2054,8,9,8.4403,0.2244,0.062,1e-04
2054,8,10,8.0618,0.0012,6.5685,1e-04
2054,8,11,3.256,4.452,13.2372,21.8695
2054,8,12,23.9597,7.4315,1.1503,13.6458
2054,8,13,1.5311,0.0053,0.7371,0.0242
2054,8,14,9e-04,0,4.7386,0.0743
2054,8,15,0.2892,0.0218,2.4055,0.955
2054,8,16,8.0858,6.4941,7.9336,0.1887
2054,8,17,20.5226,11.7511,0.0351,0.0102
2054,8,18,5.9505,5.2665,0.008,2.9297
2054,8,19,2.2366,1.4243,0,0
2054,8,20,0.2631,0.0548,0,3e-04
2054,8,21,2.612,2.9446,0,0.2246
2054,8,22,0.705,8.9309,2.0098,0.9602
2054,8,23,1.6814,0,0.0074,20.8672
2054,8,24,6.782,0.0059,10.1511,3.205
2054,8,25,0,0.1463,10.6416,0.7415
2054,8,26,0,0,0.0956,0
2054,8,27,0.0559,0.0012,0,0
2054,8,28,4.3973,0.2587,2.153,5.92
2054,8,29,3.1725,0.3528,3.1044,8.265
2054,8,30,3.5354,0.0012,7.6963,0.4501
2054,8,31,2.9681,0.0817,1.3197,2.1634
2055,8,1,5.1953,17.6829,0.8844,12.0503
2055,8,2,5.0552,1.8172,1.729,8.8797
2055,8,3,1.1967,0,8.4277,9.7531
2055,8,4,4.1789,4.6217,2.5474,0.5287
2055,8,5,2.6846,0.7376,21.0772,9.052
2055,8,6,7.6378,3.9879,2.578,15.1621
2055,8,7,0.7155,0.6298,18.5309,2.6747
2055,8,8,0.8879,0.0205,1.0191,0.9564
2055,8,9,3.6582,0.0041,0,0.9497
2055,8,10,10.2653,0.8355,0.0485,7.65
2055,8,11,1.5543,22.796,3.7409,17.2091
2055,8,12,0,9.5851,0.4987,5.0397
2055,8,13,0.8268,0.6901,6.9657,1.4297
2055,8,14,1.9424,4.9938,8.5888,1.689
2055,8,15,1.0408,18.0449,4.1993,4.2071
2055,8,16,6.2958,1.445,26.3266,3.3551
2055,8,17,1.5332,1.521,0.0085,10.5009
2055,8,18,1.2033,5.3678,0.054,3.3007
2055,8,19,4.5678,3.2363,2.647,1.2001
2055,8,20,0.2511,11.5848,0.0259,0.8345
2055,8,21,6.4155,1.5688,0.0063,1.3442
2055,8,22,0.324,0.4807,0.0014,4.2515
2055,8,23,10.5516,7.5435,5.3933,3.1293
2055,8,24,0.2032,8.0374,8.5111,0.1429
2055,8,25,0.0023,0.5504,14.7146,0.1449
2055,8,26,4.8095,0.331,3.3378,6.0433
2055,8,27,0.2839,11.8707,5.8365,1.0021
2055,8,28,3e-04,0.0551,0.9736,0
2055,8,29,1.5441,0,0,1.023
2055,8,30,0.2538,1e-04,0.1245,12.7613
2055,8,31,0.1175,1.9113,7.5501,17.2948
2056,8,1,0.0106,2.8109,5.5558,1.4792
2056,8,2,1.889,0.01,0.7496,0.2869
2056,8,3,13.0353,0,7.4235,0.0089
2056,8,4,15.1787,0.3089,15.1727,1.1026
2056,8,5,3.0584,5.9251,1.6178,1.3633
2056,8,6,3.165,6.4468,0,2.716
2056,8,7,4.1921,8.6768,0,2.637
2056,8,8,1.1857,7.4995,1.2838,10.4669
2056,8,9,1.8254,1.1467,14.9409,6.2893
2056,8,10,0.0627,0.362,13.561,2.7631
2056,8,11,2.5116,0.001,0.9825,2.7924
2056,8,12,0,0.8206,0.3295,4.5409
2056,8,13,0.267,10.1252,10.3976,0.0049
2056,8,14,10.8582,6.9607,0.902,1e-04
2056,8,15,0.002,0.9538,0.3334,3.0013
2056,8,16,0,0.1234,0.7298,8.8615
2056,8,17,0.0024,5.7183,0.0479,20.7232
2056,8,18,0.8103,7.1265,0.5765,0.5388
2056,8,19,4.3039,1.0491,1.7048,0
2056,8,20,13.0155,0,9.9929,0
2056,8,21,3.4684,6.2599,8.2705,0.0608
2056,8,22,0.7809,25.5682,1.4166,3e-04
2056,8,23,0.6589,2.9946,3e-04,0.0025
2056,8,24,0.3903,1.4716,0.0836,1.2596
2056,8,25,2.1436,1.2656,0.7721,21.0329
2056,8,26,1.8508,7.2852,0.4622,1.8115
2056,8,27,7.8,18.5464,0.0048,0.0432
2056,8,28,4.2836,17.0681,0,0.0024
2056,8,29,0.0461,6.4368,0.1702,0.015
2056,8,30,0,6.1154,3.1194,0
2056,8,31,2.1924,1.1505,15.5821,0
2057,8,1,1.1067,3.6419,0.3258,4e-04
2057,8,2,1.1311,1.7112,0.7522,0.0016
2057,8,3,1.7038,0.8747,4.8525,0
2057,8,4,5.018,3.2137,0,7e-04
2057,8,5,2.4244,12.9221,1.889,1.1299
2057,8,6,0.016,12.4828,0.3838,3.1267
2057,8,7,0.7843,6.5762,2.1587,6.0947
2057,8,8,6.1487,1.3996,17.7658,10.2859
2057,8,9,2.7202,0.5339,0.6991,2.2854
2057,8,10,1.9843,6.2918,1.3885,15.3161
2057,8,11,6.8268,6.3074,8.4347,13.9811
2057,8,12,8.1402,0.7278,8.2853,17.326
2057,8,13,2.1994,2.8704,8.9037,19.0777
2057,8,14,1.3658,1.9069,7.3034,1e-04
2057,8,15,1.0653,0.3396,5.4944,2.6946
2057,8,16,0.6932,3.2776,3.8392,8.9033
2057,8,17,0.4738,11.0722,4.2059,15.5959
2057,8,18,3.8439,7.9186,1.085,24.4728
2057,8,19,0.5291,1.0004,0.1145,15.0062
2057,8,20,1.1393,6.2892,0.7074,20.4126
2057,8,21,6.9105,16.5698,1.4243,30.709
2057,8,22,15.0176,0.453,1.1757,4.8537
2057,8,23,1.3661,1.4773,0.718,0.025
2057,8,24,0,5.6369,2.0334,0.0842
2057,8,25,0,8.6796,1.1582,1.6014
2057,8,26,0.1763,0.3482,2.3079,1.5381
2057,8,27,0.0413,0.0049,2.9207,0.2196
2057,8,28,0,2.8166,4.1688,0.2004
2057,8,29,0.0539,9.9285,0.3457,2.2178
2057,8,30,0.1027,6.4387,14.8486,7.1685
2057,8,31,0.5366,5.5002,11.1025,6.6645
2058,8,1,0.6363,6.0948,1.6816,2.9889
2058,8,2,11.7137,3.8713,0.0115,1.3996
2058,8,3,15.3438,0.7785,4.1102,2.0521
2058,8,4,10.2057,5.2742,3.5039,1.3642
2058,8,5,0.1068,1.3015,7.4469,9.4198
2058,8,6,0,0.2812,6.2159,2.7873
2058,8,7,6.1784,4.2522,0.2958,0
2058,8,8,33.4776,0.0373,7.7073,0.3228
2058,8,9,8.4077,0,1.6049,3.0222
2058,8,10,1.7625,0.1746,0.1596,2.6805
2058,8,11,3.1511,14.9454,9.8899,14.1544
2058,8,12,3.0331,12.8326,0.6497,17.3217
2058,8,13,8.4564,0.133,1e-04,6.2522
2058,8,14,3.2301,0,3.2872,2.5375
2058,8,15,9.0593,0.2331,14.6978,6.5461
2058,8,16,12.0679,5.1517,0.5334,4.582
2058,8,17,5.5438,46.9246,14.7929,1.016
2058,8,18,0.5139,5.9111,0.1653,0.4379
2058,8,19,0.0556,0.0154,1.0238,3.4288
2058,8,20,0.1839,0.4096,1.6426,0.4938
2058,8,21,0.2698,0.394,0.9985,0.2937
2058,8,22,0.4434,5.8508,0.5816,0.609
2058,8,23,8.9369,3.1184,0.7017,4.9345
2058,8,24,4.5156,2.7914,12.5104,4.0254
2058,8,25,1.8676,8.3899,2.3268,3.641
2058,8,26,1.4038,0.7126,0.085,5.4918
2058,8,27,3.7066,0.0331,0.1383,3.9577
2058,8,28,0.0983,8.3489,12.6745,0.8458
2058,8,29,9.3728,8.2366,1.8608,0.1249
2058,8,30,2.5785,2e-04,0.0234,0.4766
2058,8,31,8.1015,0,1e-04,0
2059,8,1,17.2298,3.2509,4.586,12.0465
2059,8,2,5.6981,0,0.7666,13.8165
2059,8,3,6e-04,1.0337,0,1.9595
2059,8,4,0.0536,2.3623,0.0405,3.7223
2059,8,5,1.0069,1.6713,0.7492,3.6773
2059,8,6,0.8632,0.6375,4.943,20.2632
2059,8,7,0.8021,2.0568,6.4295,1.8036
2059,8,8,6.0189,7.4304,0.1835,0.0551
2059,8,9,16.0686,6.6643,0,9e-04
2059,8,10,8.3113,0.1432,4.0446,0.0013
2059,8,11,4.068,0.6041,0.5806,0.0729
2059,8,12,6.2605,7.0512,2.4758,0.1433
2059,8,13,5.3285,7.2742,0.8762,7.2433
2059,8,14,8.0163,0.1501,0,10.116
2059,8,15,16.878,0.1083,1.1217,12.3221
2059,8,16,3.9154,0.1847,1.9076,0.7117
2059,8,17,5.709,0,0.6706,0.7896
2059,8,18,0.997,1e-04,1.7707,0.2653
2059,8,19,0.0967,0.225,7.4067,0.2943
2059,8,20,0.1399,8.4925,2.3848,0.538
2059,8,21,5.5301,3.3533,7.5971,5.1808
2059,8,22,2.2212,8.3959,0,8.2302
2059,8,23,1.1754,7.8557,0,0.5267
2059,8,24,10.0429,15.3803,0,0.2595
2059,8,25,0.0964,13.1538,5e-04,0.3848
2059,8,26,0,2.7751,2.58,0.0147
2059,8,27,0.2192,5.7319,8.5312,0.0022
2059,8,28,4.2864,2.1112,2.5525,0.0297
2059,8,29,1.6984,0,0.0565,0.2908
2059,8,30,0,2.1514,2.0203,1.4976
2059,8,31,0.0249,5.894,5.7912,1.5811
2060,8,1,0,13.8433,3.8925,10.3276
2060,8,2,0.0013,2.1638,1.69,3.54
2060,8,3,0.2352,0.5513,0.0826,1.645
2060,8,4,0.0649,3.7889,4e-04,4.4328
2060,8,5,0,7.3299,0,5.3176
2060,8,6,0,3.6682,0.2257,7.1703
2060,8,7,0.0252,1.8762,2.9335,1.5373
2060,8,8,0,2.9221,5.9651,0.0238
2060,8,9,0.2448,1.9487,1.1451,0.0101
2060,8,10,3.663,3.399,1.2939,0.0437
2060,8,11,10.4237,4.2353,3.9501,0.0053
2060,8,12,8.0772,13.3846,0.3713,2.9782
2060,8,13,0.2256,18.4353,4.0686,6.5019
2060,8,14,6.0109,5.5181,5.8279,2.3272
2060,8,15,2.5545,10.0001,0.0021,4.6365
2060,8,16,0.0305,6.3587,0.1799,0.8448
2060,8,17,1.4967,1.1112,0.0025,0
2060,8,18,10.1519,0.8283,2.3088,2.3654
2060,8,19,6.4053,0.746,4.248,5.866
2060,8,20,4.8818,7.4995,14.2903,1.2076
2060,8,21,13.4887,3.203,9.1836,0.035
2060,8,22,7.9156,0.2551,9.1886,0.0804
2060,8,23,0.808,0.0205,9.0821,0.314
2060,8,24,7.9343,0,3.865,9.8679
2060,8,25,2.9595,0.0193,0.9508,8.6962
2060,8,26,2.6077,0.0268,7.4823,8.7794
2060,8,27,4.6003,0.369,1.9937,1.3868
2060,8,28,0.5722,1.7625,0.4304,3.2123
2060,8,29,1.0946,0.4848,7.8237,2.1965
2060,8,30,0.0975,0.0222,11.3675,0
2060,8,31,0.0061,0.4914,0,4.1665
2061,8,1,3.3474,4.0599,0.0475,10.2113
2061,8,2,8.4849,12.977,0.5576,0.9335
2061,8,3,3.0132,7.9019,41.1883,5.6794
2061,8,4,11.5447,5.3463,0.5844,7.2578
2061,8,5,3.93,5.4748,0.3486,16.0894
2061,8,6,4.5264,3.4934,2.8172,7.1448
2061,8,7,1.059,7.6307,5.7893,2.4419
2061,8,8,0.1017,28.0584,2.4668,0.4777
2061,8,9,1.5406,19.237,0.116,1.2808
2061,8,10,7.3543,7.7427,1.1597,0.5671
2061,8,11,2.7342,3.1346,14.9867,1.1639
2061,8,12,2.5114,3.6891,0.001,3.2827
2061,8,13,0.3708,10.3684,0.0378,6.3904
2061,8,14,4.5767,10.4208,0,9.4185
2061,8,15,9.8153,0.0619,2.9024,0.0034
2061,8,16,0.7788,0.0971,11.5458,0
2061,8,17,2.5649,1.1891,1.0309,0.3115
2061,8,18,0.3813,1.6874,0,3.6178
2061,8,19,1.1173,2.1838,0,2.2082
2061,8,20,1.6071,2.9584,1.433,0
2061,8,21,0,2.9258,6.8133,0
2061,8,22,5.9608,1.3107,12.8185,4.3843
2061,8,23,6.7825,0.0807,0.2005,3.2409
2061,8,24,3.278,1.3973,2.7243,0
2061,8,25,0,0.9464,2.8002,0.0907
2061,8,26,0,4.5955,0,1.0362
2061,8,27,0,3.1883,0.0156,19.0643
2061,8,28,0,6.9913,0,1.961
2061,8,29,0.2175,0.6045,0,0.5822
2061,8,30,0.4625,3.8557,0,2.3075
2061,8,31,5e-04,5.0325,0.4066,0.0327
2062,8,1,6e-04,0.066,0.0343,0.2182
2062,8,2,2.1346,1.0664,0.0059,0
2062,8,3,9.5844,15.123,0.0297,0.0555
2062,8,4,0.109,1.8113,0.7099,2.209
2062,8,5,0.6077,4.9868,4.5007,11.3851
2062,8,6,2.2106,9.9403,9.0686,0.8644
2062,8,7,3.7782,7.1083,4.3429,0.6136
2062,8,8,7.3188,13.6864,4.2536,1.6283
2062,8,9,3.1147,7.3533,0.243,10.4365
2062,8,10,0.5455,4.528,1.3783,8.9639
2062,8,11,2.3346,3.7468,0.0105,1.2337
2062,8,12,8.0346,2.8794,3.8221,2.8193
2062,8,13,10.5265,5.5077,0.5487,0.097
2062,8,14,14.3099,11.9127,0.537,0.0304
2062,8,15,14.7261,7.2726,8e-04,0.0095
2062,8,16,8.9158,3.9477,1.8699,1.1245
2062,8,17,4.1194,6.3872,3.7044,9.6867
2062,8,18,6.8622,3.0709,12.6083,2.1385
2062,8,19,2.3086,5.1149,2.5995,0.0099
2062,8,20,10.0212,7.8279,3.5093,0.8758
2062,8,21,4.8782,14.5884,7.2016,9.4511
2062,8,22,3.8383,0.1755,9.1947,12.2306
2062,8,23,7.5953,2.1179,4.0199,0.0013
2062,8,24,9.2665,1.3717,7.9417,0.4908
2062,8,25,3.5683,4.7716,5.8622,0.909
2062,8,26,5.9516,0.435,0.163,0.6705
2062,8,27,1.0073,8.7782,0,0.9582
2062,8,28,4.3059,14.4685,0,0.6351
2062,8,29,15.7137,15.9979,0,2.044
2062,8,30,5.7764,7.4415,0,1.4508
2062,8,31,7.2975,0,0,1.4455
2063,8,1,7.4967,16.8913,6.0672,2e-04
2063,8,2,2.0093,3.8165,1.9867,0
2063,8,3,2.3208,1.5698,4.2017,4e-04
2063,8,4,3.8321,0,1e-04,0.8533
2063,8,5,0.0025,0,4e-04,1.995
2063,8,6,2.3951,4.3068,0.0054,0.0574
2063,8,7,0.0179,17.4823,0.0309,9.6198
2063,8,8,2.8157,2.2025,0.1758,13.5728
2063,8,9,12.6576,0.1363,0.7067,0.1216
2063,8,10,5.3868,0.6169,1.1027,9e-04
2063,8,11,0.5535,1.0918,1.3917,0.4274
2063,8,12,0.0019,4.8442,3.5295,21.7201
2063,8,13,4.1363,2.4308,2.6732,8.5799
2063,8,14,2.9348,0.2536,0.3399,0.2196
2063,8,15,0,0.4539,0.0028,6e-04
2063,8,16,0,0.0575,6e-04,0.083
2063,8,17,0,0.2045,0.0025,0.002
2063,8,18,0,6.2981,0.0037,1.254
2063,8,19,5.0638,8.7525,0.1899,0.1992
2063,8,20,10.183,6.3243,1.5246,6.3777
2063,8,21,6.0896,0.8191,3.148,2.9554
2063,8,22,9.9517,1.3263,8.2629,0.0465
2063,8,23,3.4861,1.546,0.0011,0.0313
2063,8,24,9.1602,1e-04,0.0834,0.009
2063,8,25,1.6121,0.9855,4.3125,0
2063,8,26,4.0527,0.8058,3.6505,0.1811
2063,8,27,7.3939,4.9173,0.0041,2.6636
2063,8,28,0.2623,0.7479,0,2.6571
2063,8,29,5.3652,0.9974,0.0018,2.3707
2063,8,30,12.6803,0.0851,0,0.766
2063,8,31,8.2943,1e-04,1.3782,1.7745
2064,8,1,0.537,3.7452,0.0091,0.3096
2064,8,2,1.7874,20.2056,0.6102,3.7026
2064,8,3,1.2315,19.7399,1.1006,1.5845
2064,8,4,2.2838,0.0371,4.0679,0.0024
2064,8,5,10.171,0.1701,9.3963,0.0112
2064,8,6,8.0956,0.403,8.0422,8.2267
2064,8,7,0.6412,0.4543,6.3666,5.4371
2064,8,8,0.0749,0.6699,15.9956,0.9292
2064,8,9,5.2243,5.5588,4.7226,0
2064,8,10,1.9435,7.0655,4.7398,16.0973
2064,8,11,5.0744,4.0227,5.3233,0.1671
2064,8,12,22.8846,2.9852,0.5272,0.0109
2064,8,13,59.3148,1.3185,1.5517,0.1138
2064,8,14,51.7717,1.1073,0.2742,0.8597
2064,8,15,12.8617,14.6122,4.4075,3.714
2064,8,16,25.3101,1.6058,15.1808,3.0685
2064,8,17,5.7827,0.0437,1.5477,0
2064,8,18,1.5233,0.5178,2.3221,5.8939
2064,8,19,14.3505,0.0107,6.5885,14.4951
2064,8,20,10.0929,0.0046,11.4288,0.1316
2064,8,21,1.7645,7.8487,6.4241,0.0638
2064,8,22,0.2405,0.7751,0.6136,2.6411
2064,8,23,8.6986,0.2031,2.3342,7.9656
2064,8,24,5.7947,0.2481,12.2294,2.1563
2064,8,25,3.0827,18.9429,15.2761,0.1809
2064,8,26,0.3882,4.5843,2.1339,0.4863
2064,8,27,0.4699,0.1178,6e-04,0.2354
2064,8,28,3.5007,3.2954,0,6.8514
2064,8,29,0.0569,10.6424,0,0.1857
2064,8,30,0,4.0414,0.6478,0
2064,8,31,0,0.5591,8.029,0.0246
2065,8,1,2.3801,4.2815,0.0044,0.1492
2065,8,2,1.7661,6.5015,3.1295,10.2252
2065,8,3,9.88,3.1571,4.8051,18.8043
2065,8,4,4.5632,0.4914,0.0011,22.7799
2065,8,5,4.3678,15.2839,0,9.1969
2065,8,6,3.3823,5.7737,0.0448,4.4072
2065,8,7,8.9241,0.3426,2.4914,11.5916
2065,8,8,7.4493,0.1416,1.5427,8.5768
2065,8,9,1.6898,1.6854,0.0675,3.6371
2065,8,10,0.7893,8.9125,17.7551,3.2115
2065,8,11,0.3241,1e-04,9.3445,1.6186
2065,8,12,0.0572,0.0012,5e-04,1.412
2065,8,13,3.3319,0.0187,0,1.8338
2065,8,14,16.1888,0.2898,0.0167,0.3061
2065,8,15,14.1602,0.4556,0.0665,7.0666
2065,8,16,1.4372,9.8806,7.1493,11.6176
2065,8,17,2.9095,0.6482,0.0294,9.7424
2065,8,18,3.5297,5.738,0,5.2588
2065,8,19,0.006,23.8273,0.1144,11.0934
2065,8,20,0,25.6067,0,5.8447
2065,8,21,0.0201,9.7865,0.0427,19.8488
2065,8,22,1.7869,1.0053,2.4022,1.9124
2065,8,23,1.6226,1.2629,17.4244,0.0951
2065,8,24,0.6063,8.5613,2.9973,0
2065,8,25,5.4565,0,0.7789,7.3092
2065,8,26,1.0331,0.048,1.3468,18.7742
2065,8,27,0.8877,0.1587,0,4.5314
2065,8,28,1.1498,2.2647,1.3262,1.1276
2065,8,29,1.2734,0.5216,2.0233,6.1809
2065,8,30,8.6957,0.4991,0.0557,0.4936
2065,8,31,2.4543,0.3242,0.2774,0.7661
2066,8,1,15.4637,1.0454,9.7446,5.5147
2066,8,2,0.2155,4.8604,10.1006,0
2066,8,3,0.0096,0.0908,10.659,2e-04
2066,8,4,3e-04,0.0433,5.4068,0.6038
2066,8,5,28.0315,2.4664,7.597,9.2984
2066,8,6,15.3011,6.5107,19.1528,7.4423
2066,8,7,11.264,5.0466,5.2639,0
2066,8,8,0.2594,5.9359,11.112,0.4079
2066,8,9,4e-04,1.7187,9.1521,2.6491
2066,8,10,2.575,0.1273,8.709,21.2459
2066,8,11,5.0498,0.5216,13.8503,9.1769
2066,8,12,6.9437,0.1118,6.8515,11.2735
2066,8,13,19.7735,0.4944,12.6657,1.6527
2066,8,14,16.0567,1.2153,4.4506,12.4491
2066,8,15,1.3121,11.9946,0.0434,7.109
2066,8,16,0.8479,14.7425,4.726,3.4548
2066,8,17,2.0358,9.0273,0.346,14.5846
2066,8,18,4.3882,0.3382,0,0.4337
2066,8,19,6.8249,1.0575,4.5041,0.5074
2066,8,20,0.0078,0.4818,0.1719,0.2157
2066,8,21,0.0944,2.5606,0.3403,0.4195
2066,8,22,0.0548,8.7746,7.2334,7.3608
2066,8,23,11.5128,0.15,0.0372,7.2587
2066,8,24,3.4345,0,1.1192,7.0779
2066,8,25,0.5315,0,1.6062,3.4034
2066,8,26,0.4229,0,0.9968,2.8563
2066,8,27,0.4061,0.002,1.0132,6.0907
2066,8,28,3.07,0,4.3911,3.6435
2066,8,29,2e-04,1.1309,1.8301,1.6937
2066,8,30,0.0051,4.745,0.0042,0.4562
2066,8,31,0,7.306,0,1.4644
2067,8,1,6.0728,21.3938,14.4119,1.9614
2067,8,2,21.1903,1.891,12.8735,3.1717
2067,8,3,2.6432,0.0288,3.3093,8.6611
2067,8,4,0.0551,0,2.7116,0.7987
2067,8,5,1.1769,0.6643,0.2782,6.4018
2067,8,6,0.5607,1.3577,0.0636,2.5678
2067,8,7,7.867,0.1779,1.2429,0.4059
2067,8,8,2.3433,0.2025,12.9149,0
2067,8,9,3.2317,5.8065,3.3271,2.967
2067,8,10,2.4605,5.0239,1.1472,2.3127
2067,8,11,1.4065,0.0133,0,9.7435
2067,8,12,0.3583,0.9383,0,10.5805
2067,8,13,0.79,5.0034,10.3566,5.9952
2067,8,14,8.3612,6.0934,10.8783,8.8094
2067,8,15,7.32,21.9087,10.6003,3.2506
2067,8,16,4.5987,0.3366,2.815,5.8683
2067,8,17,3.2961,2.01,0.2263,1.8672
2067,8,18,2.4987,2.7902,0.5715,1.5106
2067,8,19,0.018,3.6016,0.2289,1.3455
2067,8,20,5.8836,0.3388,0.8783,1.5817
2067,8,21,0.6034,0.0013,3.5673,2.2286
2067,8,22,0.0012,0.3293,5.6105,1.5458
2067,8,23,0.1972,0.0576,7.766,1.599
2067,8,24,6.1645,0.0146,2.6094,6.6556
2067,8,25,13.67,0.2791,0,2.4101
2067,8,26,3.0158,4.1083,5.0768,0.1419
2067,8,27,5.1298,7.5957,0,0.4059
2067,8,28,11.5954,30.8591,0,0.3505
2067,8,29,1.3301,0.3742,2e-04,0
2067,8,30,0,0.1274,0.0092,0
2067,8,31,3.4338,0.8688,6.0388,0
2068,8,1,13.7585,6.3377,6.689,1.2381
2068,8,2,2.5485,7.6614,4.1653,3.6631
2068,8,3,0.5723,14.9974,0.0052,0.0191
2068,8,4,3.1609,6.5532,0.8257,0.0376
2068,8,5,0.3133,5.1363,4.4178,0.3606
2068,8,6,2.6998,3.0151,3.8393,0.3953
2068,8,7,6.3612,1.7137,1e-04,5.3089
2068,8,8,3.9225,3.0686,0,4.0032
2068,8,9,0.8444,0.4352,5.3792,0.1345
2068,8,10,4.2564,0.3986,16.5576,6.3079
2068,8,11,9.5514,0.1348,6.4578,2.5815
2068,8,12,13.1474,3.0071,0.8282,0.0388
2068,8,13,2.1323,2.6284,2.0036,0
2068,8,14,0,2.1974,0.0104,2.8264
2068,8,15,0.0509,1.4929,0,12.7769
2068,8,16,8.0681,7.993,0,1.8796
2068,8,17,4.3953,13.4799,3.2228,2.3437
2068,8,18,4.8028,2.5163,8.6929,2.414
2068,8,19,8.0791,1.5593,7.3964,0.3712
2068,8,20,5.3712,3.433,13.1486,8.0332
2068,8,21,0.4611,3.0426,0.0526,8.4835
2068,8,22,3.3601,1.7204,1.646,7.2108
2068,8,23,4.2011,4.5111,16.0337,2.5734
2068,8,24,0.8826,0,7.5358,0.0731
2068,8,25,0.4829,0.0044,1.5258,0
2068,8,26,13.1182,0.0172,0,0.1296
2068,8,27,8.6853,2.1831,4.7738,0.5496
2068,8,28,5.3241,2.4247,12.1293,1.4241
2068,8,29,4.4189,0.828,6e-04,3.1118
2068,8,30,2.5397,2.8096,0,2.3445
2068,8,31,3.9146,1.025,0.0147,2.968
2069,8,1,0,0.008,1.7259,0.9424
2069,8,2,3.5358,0.1673,3.4158,7.2891
2069,8,3,4.7373,0.6221,0.0024,2.1139
2069,8,4,0.931,11.7353,0,0
2069,8,5,7.658,3.0089,4e-04,4.2398
2069,8,6,7.6162,0.2575,0.0507,1.4566
2069,8,7,0.1159,1.3378,1.0029,1.761
2069,8,8,0.9472,1.3821,1.6499,5.7412
2069,8,9,1.6674,2.3677,5.2848,8.223
2069,8,10,9.3338,3.7542,4.8341,10.5759
2069,8,11,5.0615,4.5994,5.293,15.3834
2069,8,12,2.8149,5.7961,13.3832,1.8483
2069,8,13,0.0242,6.4721,8.7718,0.2179
2069,8,14,3.7415,3.9101,5.5499,2.235
2069,8,15,0.6409,3.7293,0.0136,1.7154
2069,8,16,5.3164,0.1191,0,5.1674
2069,8,17,0.3911,4e-04,0,4.7244
2069,8,18,0.1218,0.5902,0.0679,0.1184
2069,8,19,3.8363,9.0457,4.4975,5.5088
2069,8,20,3.0305,11.0011,1.171,6.1135
2069,8,21,1.9047,0.215,0.2833,7.7065
2069,8,22,5.7779,1.2863,0.1102,2.1989
2069,8,23,4.0313,0.2884,1.2157,2.4913
2069,8,24,0,0.3412,0.0412,9.9031
2069,8,25,0,5.872,2.0935,2.3427
2069,8,26,7.6834,0.945,5.9816,0.2497
2069,8,27,1.9414,0.0018,7.2874,2.1969
2069,8,28,0.0468,8.1178,7.2987,6.3996
2069,8,29,0,49.019,2.7334,0.3128
2069,8,30,0.0028,3.5328,3.9065,0.0047
2069,8,31,0.002,1.0165,1.9523,0
2070,8,1,4.6356,0.8028,4.533,2.7608
2070,8,2,0.4395,0.0044,2.3061,0.8999
2070,8,3,5.3207,3.632,0.0275,11.157
2070,8,4,18.7316,8.5048,8.2519,6.9989
2070,8,5,0.7854,2.0414,10.7334,0.0454
2070,8,6,6.4553,0,8.3566,0.0267
2070,8,7,16.368,0,21.3257,19.902
2070,8,8,1.0406,2.8675,21.6146,8.4809
2070,8,9,0,12.3222,2.136,9.389
2070,8,10,1.0034,17.5045,0.2372,0.5799
2070,8,11,2.4802,0.0538,0.1961,0
2070,8,12,2.594,0.0206,12.1669,4.924
2070,8,13,7.7688,15.3579,3.2435,3.7883
2070,8,14,0.0119,32.2728,1.7648,0.1553
2070,8,15,0.0177,0.1516,1.844,0.7909
2070,8,16,1.156,0.0032,0.3824,2.825
2070,8,17,3.5155,0.0077,0.1483,5.3725
2070,8,18,2.827,2.5617,0.2083,3.2779
2070,8,19,0.0272,9.3049,2.9742,2.0595
2070,8,20,1.0422,0.0534,0.001,0.008
2070,8,21,0.3241,8e-04,0,0.0017
2070,8,22,5.6449,0,0,0.0228
2070,8,23,2.6968,1.7026,0,7.9792
2070,8,24,0.8736,2.2123,0,9.5323
2070,8,25,0,5.7027,2.2462,5.6343
2070,8,26,0,7.6499,8.6913,2.9397
2070,8,27,0.0025,2.8084,6.0416,0.079
2070,8,28,6.236,4.8694,4.0982,0.6317
2070,8,29,0.6377,6.1523,0.1114,5.0096
2070,8,30,1.6903,10.8977,0,9.875
2070,8,31,8.1434,0.0949,0,3.9438
2071,8,1,3.2302,13.13,3.9966,0.0277
2071,8,2,11.3366,21.0972,3.7757,1.2892
2071,8,3,5.6227,2.351,1.0163,10.2698
2071,8,4,0.0451,2.7496,6e-04,18.3229
2071,8,5,0,4.1981,3.3454,0.5256
2071,8,6,1.3623,2.0508,1.4681,0.8805
2071,8,7,1.0414,0.7908,5.0635,4.2449
2071,8,8,0,0,9.9397,0.8427
2071,8,9,0,0.855,4.9838,6.6207
2071,8,10,0,17.264,0.3489,3.4862
2071,8,11,2.4223,7.1188,4.7267,0.0043
2071,8,12,6.1233,3.8421,2.9265,6.4416
2071,8,13,1.8138,0.0204,0.0067,1.4216
2071,8,14,6.219,0.1977,3.6352,0.0199
2071,8,15,10.2537,5.0778,5.872,0
2071,8,16,1.8271,0.0616,5.2667,2e-04
2071,8,17,0.2362,0,0.075,2.2529
2071,8,18,1.4007,0.0092,0.3728,17.0058
2071,8,19,5.2155,6.2661,1.6686,1.1155
2071,8,20,2.2937,16.9577,3.3109,8.5201
2071,8,21,1.6828,6.6017,0.0178,4.2782
2071,8,22,1.0253,6e-04,1.0341,4.033
2071,8,23,1.5167,0,5.2413,12.6656
2071,8,24,14.3207,0.0803,7.65,3.2068
2071,8,25,3.6782,6.7936,11.2677,2.0102
2071,8,26,0.008,53.8156,7.2506,3.5886
2071,8,27,0.0371,5.0576,10.2404,1.4653
2071,8,28,0.2429,0.1001,0.4096,0.0285
2071,8,29,0.1078,2.7139,0.0192,1.7244
2071,8,30,0.2684,1.2937,3.8116,0.5473
2071,8,31,0.4838,0.0466,12.5894,3.9541
2072,8,1,0,24.3902,6.6861,3.8599
2072,8,2,0.9703,17.8179,1.0671,3.5646
2072,8,3,12.3284,2.2355,4.7091,0.0778
2072,8,4,2.9716,0.324,7.1397,2.1607
2072,8,5,1.2335,1.079,8.0238,2.3781
2072,8,6,7.312,3.0118,6.9148,3.6628
2072,8,7,2.9928,5.212,3.5504,3.613
2072,8,8,0.0018,4.8803,1.6049,1.0116
2072,8,9,0.0812,7.6371,1.1736,2.9424
2072,8,10,0.0488,0.9661,0.3172,8.4541
2072,8,11,4.9227,8.0211,6.3152,3.3751
2072,8,12,1.3278,4.1416,3.4527,0.366
2072,8,13,11.2042,1.8287,5.3714,0
2072,8,14,0.8633,0.0391,1.0918,1e-04
2072,8,15,0,0.1076,0.2026,2.9173
2072,8,16,0,0.3755,0.6143,13.6475
2072,8,17,13.9079,2.4243,1.941,9.2666
2072,8,18,1.3572,9.5756,8.5835,3.9185
2072,8,19,0,5.2099,0,1.0242
2072,8,20,5.7551,0,0,3.2777
2072,8,21,5.7845,0,0.0012,3.7766
2072,8,22,2.2578,1.5233,1.6513,1e-04
2072,8,23,4.5472,11.1002,8.0839,0
2072,8,24,3.5448,0,7.6762,2.0523
2072,8,25,0.0884,0.0039,2.3549,1.2155
2072,8,26,0.0011,0.0892,0,1.3144
2072,8,27,0.0142,0.1417,0.0632,2.0167
2072,8,28,0,0,0.0098,0.2828
2072,8,29,0,0,1.6531,1.5554
2072,8,30,0.0626,0.0705,15.1548,6.1231
2072,8,31,0.2838,0.0175,14.9624,10.0326
2073,8,1,0,3.8816,11.1128,2.2495
2073,8,2,0,9.2009,6.196,0.8704
2073,8,3,0.1031,1.1766,1.7629,5.4537
2073,8,4,9.5341,0.2178,3.4898,4.8664
2073,8,5,14.2737,1.6358,0.4547,5.6467
2073,8,6,1.3962,0.8041,0,3.9551
2073,8,7,0.1049,4.9549,0.1423,6.4448
2073,8,8,0.254,23.471,0.5497,8.2804
2073,8,9,0.0896,5.2196,5.8919,12.8817
2073,8,10,6.4721,0.0317,16.6695,6.6195
2073,8,11,4.4948,1.5718,3.0521,2.9423
2073,8,12,1.6767,2.9613,8.6465,3.9954
2073,8,13,6.2298,0.2616,15.2693,7.7329
2073,8,14,1.8697,5.929,16.5034,12.1666
2073,8,15,2.6999,0.5035,21.0729,3.8633
2073,8,16,1.4074,0,7.3181,2.7931
2073,8,17,1.1162,0,7.2917,2.2463
2073,8,18,1.2831,0.9519,5.2915,3.5016
2073,8,19,2.1388,10.517,8.1107,0.3113
2073,8,20,5.571,16.535,9.3473,0
2073,8,21,6.4758,0.6545,4.9263,0.2084
2073,8,22,6.6954,2.6583,3.4472,0.6741
2073,8,23,1.8013,6.2317,2.9067,0
2073,8,24,0.0306,0.5017,0.0013,0.1559
2073,8,25,0.055,0.7405,0.0054,0.2081
2073,8,26,2.2965,0.3803,0.0154,42.622
2073,8,27,5.4085,6.9884,0.7943,4.2265
2073,8,28,4.8615,4.0823,6.3098,0.017
2073,8,29,4.7702,4.9826,7.0447,2.029
2073,8,30,2.5524,2.2997,0.182,0.0621
2073,8,31,0.5562,0.9536,0,0.6775
2074,8,1,3.1696,3.5441,1.3146,11.2091
2074,8,2,0.0055,4.652,18.8448,6.1564
2074,8,3,2.6549,0.3866,3.867,10.8116
2074,8,4,2.6076,2.5125,2.2273,5.0838
2074,8,5,0.0066,1.1919,16.497,0.0109
2074,8,6,0.0047,0.6103,4.5279,0.0043
2074,8,7,0.0507,1.6893,0,0.8264
2074,8,8,1.1707,1.8373,4.7532,8.7133
2074,8,9,1.342,2.3488,9.9882,0.0392
2074,8,10,4.2648,2.205,17.5978,0
2074,8,11,5.6256,2.5209,8.6205,9.4095
2074,8,12,2.1253,0,3.2649,13.9025
2074,8,13,0.7467,2.8202,3.1328,3.9879
2074,8,14,0.0501,8.3802,4.3957,0.7754
2074,8,15,0,0.943,3.5427,1.2948
2074,8,16,2.6118,0.6502,4.3631,6.1082
2074,8,17,8.8603,4.8477,1.9765,1.8025
2074,8,18,3.0409,9.3496,0.4037,0.7732
2074,8,19,1.0494,4.0012,0.3668,1.0223
2074,8,20,0.5685,1.9774,1.2376,2.8503
2074,8,21,0.4612,4.8348,1.5908,2.668
2074,8,22,1.1068,3.5958,0.2757,0.0148
2074,8,23,0.1754,1.0225,5.0687,0
2074,8,24,1.0983,0.0835,15.8599,0.0083
2074,8,25,6.1445,0,8.0027,3.9979
2074,8,26,3.0478,4.2973,1.9101,0.4164
2074,8,27,2.007,19.2299,0.3982,0.4424
2074,8,28,1.5735,13.727,2.6582,4.0065
2074,8,29,8.6532,8.9202,3.0864,6.8479
2074,8,30,0.0611,3.6786,0,3.5985
2074,8,31,0,0.912,0.2759,6.9452
2075,8,1,0.1423,0.7207,1.0334,12.5509
2075,8,2,4.7887,2.2259,0.836,6.5585
2075,8,3,0.4832,0.2518,2.1306,0.1836
2075,8,4,4.7579,5.6831,5.7429,1.0309
2075,8,5,0.7221,12.7262,25.0158,3.0436
2075,8,6,0,1.2468,13.8046,2.8878
2075,8,7,0.3367,2.3553,0.3963,4.9412
2075,8,8,0.7197,11.0606,0.5875,0.0028
2075,8,9,5.4639,21.6366,0.8199,0
2075,8,10,6.5991,2.276,1.1479,0.0781
2075,8,11,1.7359,7.8983,0.5685,12.7108
2075,8,12,1.95,17.3478,1.3967,3.9879
2075,8,13,5.26,7.0886,0.4829,0.2471
2075,8,14,7.5397,9.406,0.2308,0
2075,8,15,4.3124,6.2992,7.3442,0.4439
2075,8,16,4.8358,4.969,15.5801,7.2286
2075,8,17,0.2213,14.2161,14.4073,9.7124
2075,8,18,0,0.115,12.9734,2.6321
2075,8,19,0,0.0063,12.6224,27.4955
2075,8,20,0.5945,3.717,1.9257,15.3144
2075,8,21,2.3672,3.2741,0.0794,1.3387
2075,8,22,2.0325,0.5245,1.0673,4.7369
2075,8,23,9.9095,4.3522,10.1133,0.769
2075,8,24,8.8069,6.2041,5.6674,0.052
2075,8,25,5.5652,12.5372,0.2882,0.1847
2075,8,26,0.1093,6.921,0.1098,0.494
2075,8,27,0.0455,1.9025,0.0792,7.1301
2075,8,28,0.5258,1.0063,0.5015,1.8187
2075,8,29,0.7806,0.6783,3.8237,1.911
2075,8,30,5.9092,0.4852,2.9595,4.9775
2075,8,31,9.1584,6.4675,0.0055,16.0386
2076,8,1,0.4612,0.0022,10.7134,0.2332
2076,8,2,4.2845,0.002,1.4581,10.0081
2076,8,3,7.6298,9.4897,6.818,13.0703
2076,8,4,11.2261,8.3894,8.5658,1.4277
2076,8,5,9.9832,5.3541,10.2723,0.0016
2076,8,6,10.0241,4.555,8.4753,0
2076,8,7,13.7203,2.5418,1.3187,0.7205
2076,8,8,7.2504,4.1941,0.2721,0.0534
2076,8,9,2.4865,1.0234,0.0021,1.7887
2076,8,10,1.2126,4.1961,0,1.0059
2076,8,11,1.1863,3.2605,3.4442,0.0083
2076,8,12,2.6501,10.2832,1.0265,0.0012
2076,8,13,4.2374,1.1049,0.0025,0
2076,8,14,1.4669,0.0048,0.2523,4e-04
2076,8,15,0.6078,9.5436,2.7417,0.0335
2076,8,16,1.038,1.3304,6.2742,3.4165
2076,8,17,3.5876,0.0127,5.726,11.7887
2076,8,18,17.2734,0,2.094,3.4184
2076,8,19,4.4555,0,1.0091,4.6112
2076,8,20,1.1077,0.7405,2.5795,0.0749
2076,8,21,0.8706,12.0617,0.0597,0.2385
2076,8,22,0.8123,2.9545,0.3833,0.1058
2076,8,23,0.0152,0.046,0,1.2138
2076,8,24,0,0,3.2591,1.5198
2076,8,25,0.3975,0,1.641,1.7273
2076,8,26,2.8656,1.8313,0.2105,1.5776
2076,8,27,6.4057,0.4192,0.0929,3.6165
2076,8,28,4.282,5.3759,0.4589,2.0061
2076,8,29,3.9547,15.027,1.4872,4.5898
2076,8,30,3.9486,0.1086,2.7992,3.3405
2076,8,31,0.4917,0,5.3101,0.241
2077,8,1,0.0087,0.9226,0.3946,5.2006
2077,8,2,0,5.2938,8.867,2.9627
2077,8,3,0,4.4151,5.5296,6.7013
2077,8,4,2.5963,7.1406,2.1872,10.6468
2077,8,5,26.2377,7.3792,12.7267,5.6556
2077,8,6,8.3003,12.4103,21.4761,13.0058
2077,8,7,5.181,3.1155,22.153,5.0265
2077,8,8,7.7439,0.54,18.6485,4.2616
2077,8,9,9.1462,2.4611,10.9879,5.1432
2077,8,10,6.937,1.2282,27.0111,3.8174
2077,8,11,0.2809,3.5014,4.6593,6.3252
2077,8,12,4.319,4.3418,1.2539,4.9416
2077,8,13,1.3355,2.9112,6.8488,1.2247
2077,8,14,0,5.6293,9.4706,0.4701
2077,8,15,0,0.0177,2.7209,0.0251
2077,8,16,1.9939,0.2454,14.5669,4e-04
2077,8,17,2.3987,2.7244,0.2093,6.3282
2077,8,18,0,4.7481,0.2788,4.5374
2077,8,19,0.2491,2.0094,14.812,5.0125
2077,8,20,2.7715,4.7388,2.899,1.1731
2077,8,21,8.3814,3.7413,0.4054,1.0082
2077,8,22,1.8228,2.3937,2.5025,3.1766
2077,8,23,1e-04,9.8086,17.9051,1e-04
2077,8,24,0.0253,14.1405,22.3316,14.019
2077,8,25,2.8067,5.5111,9.3394,10.9293
2077,8,26,17.9831,0.6512,5.4633,17.3962
2077,8,27,2.8384,0,0.2498,7.5551
2077,8,28,4.0648,0,2.787,2.7288
2077,8,29,0.9202,3.1068,5.9519,1.6451
2077,8,30,3e-04,11.7825,4.7827,2.6324
2077,8,31,0,1.2753,0.7708,1.1542
2078,8,1,0.4499,5.3191,6.0944,1.1437
2078,8,2,0.9842,6.4283,0.3609,1.6963
2078,8,3,0.9155,0.72,0.6495,4.0041
2078,8,4,0.0344,0.1278,3.3024,8.32
2078,8,5,0.9541,0.7192,0.4413,5.9049
2078,8,6,2.2626,0.0962,3.0118,4.1488
2078,8,7,0.615,2.8258,17.2931,9.3815
2078,8,8,4.5031,6.7267,2.264,17.0267
2078,8,9,0.0134,2.4463,0,6.4653
2078,8,10,0.1203,0.4656,1.2143,4.293
2078,8,11,0.4173,1.3088,3.1064,1.2149
2078,8,12,3.0591,7.4849,13.1668,8.5294
2078,8,13,14.4291,7.2818,15.5322,16.2859
2078,8,14,3.2941,8e-04,10.3088,2.8711
2078,8,15,1.3743,0.002,1.4852,0.3283
2078,8,16,9.0966,9.838,11.2692,5.4274
2078,8,17,5.4101,0.0593,5.3658,6.453
2078,8,18,5.3513,0.0267,10.1291,4.6707
2078,8,19,0.6478,6.3205,5.5305,2.4392
2078,8,20,1.937,13.1584,0.684,4.4097
2078,8,21,1.691,15.5567,11.4096,4.2622
2078,8,22,3.1303,9.661,6.9555,0.1518
2078,8,23,2.4785,0.6732,5.8953,1.1872
2078,8,24,0.1259,7.2621,4.2763,0
2078,8,25,0.2552,0.7126,14.0196,0
2078,8,26,1.2501,2.6599,13.6207,0
2078,8,27,4.0283,2.6577,11.5989,0.2753
2078,8,28,0.034,3.242,7.6203,0.786
2078,8,29,0.1251,6.101,1.2793,0.4519
2078,8,30,0,11.7615,0.6964,3.2256
2078,8,31,0.3565,9.1209,0.7421,0.2791
2079,8,1,5.5941,3.9015,0,0
2079,8,2,9.1916,3.4254,0.3665,0
2079,8,3,1.4368,2.7981,0.3332,0.1818
2079,8,4,0.0977,11.0635,0.361,14.1612
2079,8,5,2e-04,1.7604,17.1182,17.9415
2079,8,6,1.7804,7.8112,5.6323,8.9477
2079,8,7,20.4734,2.1653,3.094,4.5484
2079,8,8,0.6514,0.2619,2.909,14.2746
2079,8,9,2.9816,12.3023,3.5192,1.558
2079,8,10,0.1994,2.9576,1.3797,0.1379
2079,8,11,5.6165,0.0132,5.9609,0.5754
2079,8,12,14.219,0,13.5833,0.6206
2079,8,13,5.1181,6e-04,14.401,13.9935
2079,8,14,1.1627,2.7776,14.3272,20.3719
2079,8,15,0.686,9.0382,2.078,3.2739
2079,8,16,0.7735,0.6339,3.0965,4.4725
2079,8,17,1.5391,0.4184,6.7634,10.1547
2079,8,18,1.6577,1.0622,0.0626,11.0367
2079,8,19,0.4177,4.379,7.8936,4.3936
2079,8,20,10.0546,0.5547,0.0157,0.7293
2079,8,21,4.3104,1.5353,0,4.0099
2079,8,22,8.0324,26.0115,5e-04,3.4456
2079,8,23,1.6607,15.084,11.3835,4.0156
2079,8,24,0.3034,13.9143,9.9564,6.1622
2079,8,25,0.3048,2.7003,12.8069,18.1967
2079,8,26,0.6742,6.3306,0.931,11.5932
2079,8,27,0.6426,5.2971,0,3.6612
2079,8,28,0.0098,0,0.5558,8.7089
2079,8,29,0.1187,0,2.2933,21.2883
2079,8,30,11.4132,0.049,0,3.3332
2079,8,31,1.7724,0.5441,0,7.261
2080,8,1,0.5139,9.6057,1.9395,5.4919
2080,8,2,1.9485,2.0528,1.3072,0.6775
2080,8,3,0.0757,0.0299,8.2562,0.9277
2080,8,4,2.8633,1.4775,6.3444,19.7205
2080,8,5,1.1186,6.4887,2.2662,13.8067
2080,8,6,0.0312,3.9989,7.715,2.5157
2080,8,7,0.6465,12.5431,5.4544,5.2311
2080,8,8,2.3261,16.0652,1.1888,7.8612
2080,8,9,0,7.6652,1.277,0.5814
2080,8,10,1.7252,2.7839,0.4527,11.4453
2080,8,11,0.3127,7.5527,1.0553,16.2267
2080,8,12,0.1104,4.1498,2.6473,2.3567
2080,8,13,0.0751,0.6849,1.9005,3.5203
2080,8,14,0.1149,0.0026,1.6041,3.9889
2080,8,15,4.5449,2.9905,7.0685,7.956
2080,8,16,22.6562,7.894,1.7953,16.7729
2080,8,17,13.651,10.2623,5.1935,13.2723
2080,8,18,2.4855,0.9685,16.4349,5.26
2080,8,19,0,1.6816,10.1155,0.3148
2080,8,20,0,2.2412,5.9817,4.346
2080,8,21,1.039,3.5228,5.5736,3.2994
2080,8,22,0.0238,1.3947,7.2244,5.9762
2080,8,23,0,0.0457,1.3175,0.0255
2080,8,24,0.0209,0.7636,0.04,0.1185
2080,8,25,4.6756,2.8681,1.0071,6.2456
2080,8,26,0.5604,0.0432,2.8751,3.4867
2080,8,27,2.1736,0,7.6919,0.2626
2080,8,28,1.8681,0.1192,16.2281,11.1197
2080,8,29,0.4182,0.1987,8.2423,1.6821
2080,8,30,3.9336,5.7372,12.9315,0.3925
2080,8,31,9.0089,2e-04,3.5149,1.0183
2081,8,1,0.7943,0.4035,1e-04,0.0866
2081,8,2,0.0218,0.2915,13.6574,0.2432
2081,8,3,2.0178,0,19.9388,4.3624
2081,8,4,7.4038,6.8095,2.7914,5.0645
2081,8,5,19.3385,12.7705,0.1724,3.0144
2081,8,6,4.5283,21.0624,0.5428,0
2081,8,7,8.5512,12.7369,11.6651,0.0054
2081,8,8,0.0778,1.6815,2.1723,2.597
2081,8,9,30.4629,0.0122,0.0451,8.5704
2081,8,10,4.788,0.051,6.986,27.7371
2081,8,11,0,0,1.7404,14.9261
2081,8,12,0,1.1945,1.7279,7.5835
2081,8,13,0.0286,0.099,0.1664,12.8416
2081,8,14,0.054,1.3053,0.9408,8.3645
2081,8,15,0.0035,0.1432,3.5769,1.1758
2081,8,16,5e-04,2.361,0.2809,1.2584
2081,8,17,0.0995,11.503,0.0059,0.8424
2081,8,18,15.2082,8.0685,1.4729,4.3361
2081,8,19,9.3927,0.0314,3.3498,0.2089
2081,8,20,1.3154,1.0734,6.4466,1.0082
2081,8,21,4.0851,20.1534,5.5114,7.521
2081,8,22,4.0821,0.5019,10.1966,2.4531
2081,8,23,2.2027,0.0097,6.6009,13.3819
2081,8,24,0.5095,0.2828,0.3218,6.707
2081,8,25,11.602,1.7237,0.1288,3.9969
2081,8,26,20.7307,0.1794,1.0492,5.9279
2081,8,27,23.0824,0,0.3312,2.1699
2081,8,28,0.2869,0.3402,0.0011,5.8109
2081,8,29,0.5529,3.8184,0.4702,4.1294
2081,8,30,0.2157,3.9514,8.5747,1.7407
2081,8,31,0.4669,4.9682,10.8754,0
2082,8,1,8.1767,4.1831,4.6293,10.3997
2082,8,2,2.2285,3.3331,0.025,1.6216
2082,8,3,0.6695,1.2061,3.44,4.7519
2082,8,4,1.9431,10.705,5.3102,1.1439
2082,8,5,8.5257,1.4037,12.2069,0
2082,8,6,12.3525,0.9027,10.5119,7e-04
2082,8,7,15.2086,2.0562,20.7303,5.2792
2082,8,8,1.2499,8.4845,11.8859,1.348
2082,8,9,0.4764,4.0316,15.7859,2.1836
2082,8,10,0.5349,1.5568,17.159,2.5253
2082,8,11,0.002,5.0903,15.2713,0.0199
2082,8,12,0.3087,2.843,10.7049,11.1222
2082,8,13,0.2677,0.2335,1.9231,1.9214
2082,8,14,0.6184,1.7958,0.035,0.0017
2082,8,15,3.5879,14.4763,0.4241,7e-04
2082,8,16,3.1225,5.7258,1.7113,0.0202
2082,8,17,0.144,1.019,2.3408,6.7993
2082,8,18,3.4935,0.187,1e-04,2.9797
2082,8,19,0.5255,0.0054,3.1874,16.6151
2082,8,20,5.4246,0.1023,12.8047,0.3663
2082,8,21,11.5059,0.2325,1.1377,0
2082,8,22,1.6716,0.0327,3e-04,0
2082,8,23,0.0019,11.0836,1.3064,1.4153
2082,8,24,0.1646,1.0738,0.0056,5.2532
2082,8,25,3.8761,0,0.0126,8.6064
2082,8,26,6.2348,0.0038,2.3396,11.3211
2082,8,27,15.8453,0.0923,0.6247,10.7239
2082,8,28,7.4336,0.8266,7.9068,16.1522
2082,8,29,2.9755,1.2223,5.0126,0.5531
2082,8,30,8.0295,0.6009,1.0489,0.5926
2082,8,31,2.3248,5.5002,8.2754,0.2132
2083,8,1,0.9807,0,0.3778,8.4034
2083,8,2,5.4264,2.3507,17.9171,1.6216
2083,8,3,2.8254,0.5625,16.1186,0.5594
2083,8,4,0.1564,0.1716,10.5575,2.6985
2083,8,5,0.0185,0.9859,12.0314,2.8492
2083,8,6,0.1854,8.812,18.573,3.7003
2083,8,7,0,0.5473,4.2839,4.9713
2083,8,8,1e-04,4.524,8.4669,0.5488
2083,8,9,2.3114,0.0556,5.8781,1.1934
2083,8,10,0.9391,0,7.5435,2.365
2083,8,11,0.0147,0,8.7076,2.6163
2083,8,12,0,1.9163,3.6494,3.4417
2083,8,13,4.6904,0.7695,7.228,2.2907
2083,8,14,0.851,0.1435,9.7981,9.8856
2083,8,15,0.3551,1.6796,0.3663,1.2276
2083,8,16,0.384,2.4841,2.8407,2.416
2083,8,17,4.2487,11.5987,2.8562,6.4809
2083,8,18,3.7109,4.0703,5.1278,5.0369
2083,8,19,7.1258,1.2102,12.5453,0
2083,8,20,0.0916,1.8158,4.0229,0.0276
2083,8,21,1.6593,7.6519,0,32.6419
2083,8,22,1e-04,0.0605,0,18.3967
2083,8,23,3.7969,2e-04,0.0651,2.7414
2083,8,24,12.9714,0.198,0,0.2348
2083,8,25,1.0345,2.6047,0,0.1497
2083,8,26,12.077,4.7659,7.7786,0.6623
2083,8,27,14.9342,1.3228,0.3659,2.8031
2083,8,28,4.1547,1.5545,0,3.2377
2083,8,29,1.397,4.3018,4.6117,0.6758
2083,8,30,0.3086,23.9105,5.2443,0.4771
2083,8,31,4.4918,44.6204,0.0929,5.4481
2084,8,1,21.7832,0.2816,0.3497,10.3323
2084,8,2,7.4099,0,2.9012,15.9414
2084,8,3,5.9355,0.3259,6.0631,9.3877
2084,8,4,8.2143,2.0777,9.5849,19.124
2084,8,5,12.7443,14.1934,1.5299,5.8756
2084,8,6,1.7155,6.6858,5.6331,8.6606
2084,8,7,23.8757,0.89,5.4875,7.0443
2084,8,8,13.3489,0.0606,0.4995,2.6979
2084,8,9,8.1366,0.5027,0,3.6764
2084,8,10,4.4048,5.0762,1.8028,7.6004
2084,8,11,4.2736,0.6035,1.8793,1.4662
2084,8,12,6.5777,0.0652,1.0475,2.6038
2084,8,13,5.1933,1.4273,10.4826,2.1591
2084,8,14,4.5462,0.8792,10.7203,5.9992
2084,8,15,6.3381,1.777,6.2697,0.746
2084,8,16,10.0239,1.187,5.9875,1.5633
2084,8,17,3.2145,0.2889,11.9723,4.5697
2084,8,18,0.6885,2.9783,7.87,0.2013
2084,8,19,2e-04,1.116,5.9947,0
2084,8,20,0,0,5.3054,0.8981
2084,8,21,0,0.261,5.8798,0.2075
2084,8,22,10.6988,7e-04,7.745,4.6955
2084,8,23,5.4316,0.0299,11.2092,0.8012
2084,8,24,0,4.4867,4.7531,0
2084,8,25,0,3.9156,1.6024,0
2084,8,26,0,0.6827,3.5853,2.686
2084,8,27,0,0,4.1769,1.3868
2084,8,28,0.4923,0.011,2.589,3.6067
2084,8,29,2.5117,0.5597,0,0.0417
2084,8,30,6.3409,1.0742,7.618,0
2084,8,31,1.883,0.9053,5.6523,3.5403
2085,8,1,6.7906,0.0763,0.1801,17.9311
2085,8,2,2.0292,0.0041,3.9028,3.2195
2085,8,3,0.4267,0.0415,8.0984,0.3146
2085,8,4,0.3441,0.3376,9.9839,2.0031
2085,8,5,0.8505,5.4628,4.7028,3.5043
2085,8,6,0.8739,3.6871,3.7303,5.5463
2085,8,7,1.0937,1.9169,0.6074,5.2163
2085,8,8,0.0815,3.1057,0.9722,1.3979
2085,8,9,0.5931,5.3383,4.299,3.6643
2085,8,10,0.1205,0,11.9835,2.933
2085,8,11,0.0465,2.9971,6.8138,3.9052
2085,8,12,1.8965,12.5965,0.5053,1.3726
2085,8,13,1.4119,8.0085,0,1.9776
2085,8,14,1.6987,0.7538,0,3.6825
2085,8,15,5.1046,3.803,0,0.2722
2085,8,16,4.8605,5.6752,0.0013,1.5191
2085,8,17,0.6567,2.1426,0.2613,1.6102
2085,8,18,0,0.1927,2.1994,1.6181
2085,8,19,2e-04,0.0072,0.0665,4.3709
2085,8,20,1.4611,0.2435,2.7616,5.789
2085,8,21,0.9511,0.5754,1.1563,3.9889
2085,8,22,0.4954,0.0213,6.6923,2.2659
2085,8,23,1.2846,0,5.7924,0.0505
2085,8,24,1.3953,0,0.6684,0.4858
2085,8,25,5.9296,1.6708,0.435,7.0676
2085,8,26,13.9066,0.5881,0.5363,7.2699
2085,8,27,2.6428,0,0.996,0.1152
2085,8,28,0.4642,8.3206,2.2581,4.4887
2085,8,29,2.4908,2.0163,0.0923,5.5227
2085,8,30,0.1964,0.1517,0.4075,5.918
2085,8,31,0.0035,3.2415,0.4136,4.6469
2086,8,1,4.3596,14.4654,1.5934,1.5485
2086,8,2,0.1638,11.9226,0.8435,3.6777
2086,8,3,0.413,6.1368,0.4332,16.1471
2086,8,4,0.4059,3.1238,0,2.5017
2086,8,5,1.6283,0.6755,0,5.7695
2086,8,6,5.6326,0.6382,1e-04,6.7256
2086,8,7,8.627,9.3497,0.8971,2.8923
2086,8,8,15.1486,2.5756,8.3704,1.0306
2086,8,9,15.6325,1.982,0.3123,0.3381
2086,8,10,8.9219,5.1357,0.3449,13.6223
2086,8,11,10.3656,8.7684,1.4708,2.9018
2086,8,12,2.857,1.9929,4.6308,0.6362
2086,8,13,4.4946,8.0549,8.6265,0.8721
2086,8,14,3.2463,2.9641,3.5731,2.1339
2086,8,15,10.2692,0.0114,1.9879,6.5032
2086,8,16,1.3468,0.1131,1.2155,14.1756
2086,8,17,0.4164,11.487,4.2848,11.3562
2086,8,18,2.3911,6.4884,0.4461,2.8649
2086,8,19,1.9066,0.254,0.1081,2.2877
2086,8,20,9.4513,0.7887,4.17,2.3103
2086,8,21,2.1125,3.5437,10.9092,0.3184
2086,8,22,4.0516,5.8372,0.0326,0.4096
2086,8,23,2.4527,3.4979,0.5878,6.4644
2086,8,24,4.4918,16.1525,7.202,0.0768
2086,8,25,2.7315,1.1134,1.218,0.0991
2086,8,26,1.3475,3e-04,0.3135,1.591
2086,8,27,0.0014,0.1645,0.6171,0.1006
2086,8,28,0.9092,0.232,3.1868,0.3022
2086,8,29,0.9175,10.6153,9.6666,0.1866
2086,8,30,1.1667,7.2439,2.9908,0.0138
2086,8,31,3.2017,2.0287,1e-04,0
2087,8,1,4.7353,5.298,0.9756,3.3902
2087,8,2,1.702,8.1404,0.1797,1e-04
2087,8,3,0,14.8861,5.9469,0.0804
2087,8,4,0,15.6039,2.9975,8.206
2087,8,5,0,1.4666,0.8776,0.0496
2087,8,6,1e-04,8.9612,5e-04,1.9106
2087,8,7,0,4.2647,0.0037,14.9129
2087,8,8,5.4134,2.2318,4.2418,0.7191
2087,8,9,15.4042,5.5458,11.7088,5.1288
2087,8,10,0.2835,11.7296,21.7381,6.3801
2087,8,11,1.0217,7.0357,26.4696,2.425
2087,8,12,0.4846,0.0655,10.3141,1.1363
2087,8,13,0.0068,0.856,4.549,3.2322
2087,8,14,0.0761,3.6378,0.5352,9.7768
2087,8,15,0.3897,0.7547,1.4849,1.1969
2087,8,16,3.9101,0.0675,3.0408,0.414
2087,8,17,18.3104,1.0307,1.981,5.7904
2087,8,18,2.0047,1.8163,0.0144,6.9536
2087,8,19,0.2308,1.5069,0.3416,16.3864
2087,8,20,3.0595,4.1194,1.7423,7.4796
2087,8,21,8.8177,9.0597,2.0689,7.7203
2087,8,22,9.4736,1.0831,1.6204,7.294
2087,8,23,2.3362,0,0.3438,5.993
2087,8,24,2.2537,0.4101,3.9596,1.866
2087,8,25,3.5033,0,4.0828,2.089
2087,8,26,3.0094,2.8608,11.1694,5.5703
2087,8,27,2.2591,4.4865,2.8637,0.0593
2087,8,28,0.4118,4.8784,0.5486,0.041
2087,8,29,4.7818,2.1139,4.2507,1.4597
2087,8,30,0.1162,2.1922,2.8054,3.516
2087,8,31,0.518,1.6569,0.2454,10.4059
2088,8,1,22.717,1.6589,3.0303,1.5282
2088,8,2,2.5961,0,1.7495,1.4023
2088,8,3,0.0554,0.2617,8.5795,6.7892
2088,8,4,0.1386,1.7413,5.4296,4.9682
2088,8,5,13.6406,2.513,1.6272,14.5259
2088,8,6,7.6948,13.2754,1.9361,14.6382
2088,8,7,0.886,3.7027,9.3875,3.3925
2088,8,8,3.9489,1.6788,4.0916,9e-04
2088,8,9,16.7112,0,10.5141,14.9683
2088,8,10,4.9836,0.6592,3.5461,1.919
2088,8,11,4.2325,4.4231,7.1251,0.3537
2088,8,12,5.4159,9.2017,1.4468,7.0281
2088,8,13,5.8085,0.6724,0.0128,7.6283
2088,8,14,3.2802,10.178,3.0215,0.0925
2088,8,15,3.9877,12.5985,6.7257,6.7695
2088,8,16,5.7682,7.4864,0.874,9.7722
2088,8,17,7.7486,5.909,2.8453,23.7195
2088,8,18,1.9926,1.4943,7e-04,17.4371
2088,8,19,1.5579,0.7306,0.1249,16.5827
2088,8,20,4.1132,3.0246,0.1329,23.414
2088,8,21,6.9114,0.8074,1.6501,15.3376
2088,8,22,1.6908,1.5128,1.0592,20.2829
2088,8,23,5.9851,1.9543,0.3077,25.3627
2088,8,24,2.0901,3.7952,1.8277,3.9862
2088,8,25,3.8214,6.9559,5.9106,0.8347
2088,8,26,2.9712,4.2791,5.6036,0.0659
2088,8,27,0.6288,0.6231,0.4893,0.2829
2088,8,28,0.1311,3.9882,0.1903,4.6766
2088,8,29,0,1.1197,1.5157,3.3741
2088,8,30,1.3657,4.4979,7.3563,2e-04
2088,8,31,1.8922,5.4425,0.3607,0.0058
2089,8,1,8.9142,6.2677,0.2184,2.6068
2089,8,2,8.6145,1.3383,5.7681,3.8926
2089,8,3,12.3402,0,22.2539,2.4863
2089,8,4,9.8878,0.1538,9.1458,3.5115
2089,8,5,1.5742,3.2427,3.1016,7.4831
2089,8,6,0.0268,6.6761,7.2186,0.2495
2089,8,7,0.4487,2.8914,5.6482,10.469
2089,8,8,1.6366,2.7845,0.3549,22.077
2089,8,9,4.4193,1.4096,13.6512,4.8725
2089,8,10,0.1441,1.912,1.4746,2.8625
2089,8,11,15.9314,4.3472,0.2249,0.1257
2089,8,12,11.1013,9.0656,0.6149,0.8263
2089,8,13,5.5929,5.6801,0.1405,3.1247
2089,8,14,13.7606,11.877,2.0366,4.2509
2089,8,15,16.4753,1.7357,6.1866,4.902
2089,8,16,0.0866,0.0148,3.2929,5.4629
2089,8,17,0,1.199,5.1561,1.3093
2089,8,18,0.3399,2.4008,9.8461,0.0954
2089,8,19,1.1228,10.629,23.4644,9.1224
2089,8,20,6.7858,1.2562,19.1988,11.008
2089,8,21,5.4596,0,9.5069,1.2434
2089,8,22,0.2318,3.7681,1.4706,0.0033
2089,8,23,0.0715,7.3297,3.2103,5.7469
2089,8,24,0.3914,11.8436,0.8855,17.2751
2089,8,25,3.3275,14.421,1.1677,10.8199
2089,8,26,1.8844,15.2478,5.447,6.7004
2089,8,27,2.699,4.4035,3.7257,2.3071
2089,8,28,8.6323,0.463,9.3392,3.5524
2089,8,29,6.7346,0.0443,5.7815,10.1429
2089,8,30,7.6956,2e-04,6.6103,10.7736
2089,8,31,1.0611,0,1.7872,16.9831
2090,8,1,0.8308,0,2.6321,9.2007
2090,8,2,6.7033,0.1963,0.579,9.2916
2090,8,3,10.6971,8.3528,1e-04,7.8179
2090,8,4,17.1111,3.5801,3.6346,5.7451
2090,8,5,10.0151,21.7816,0.4625,1.8232
2090,8,6,0.5861,1.5095,0,4.014
2090,8,7,0.7505,0.0259,0.1106,3.9283
2090,8,8,0.7511,0.4407,0.4716,5.1905
2090,8,9,0.2502,10.7241,1.2995,3.3749
2090,8,10,2.8341,3.6674,0.4564,0.1962
2090,8,11,2.0534,3.7641,3.638,0.4618
2090,8,12,6.1947,0.386,1.2398,0.404
2090,8,13,7.1971,1.4043,0.1193,0.06
2090,8,14,6.642,1.8152,0.0098,0.1595
2090,8,15,12.2243,9.6038,0.0057,0.0237
2090,8,16,0.932,0.4956,25.5774,0.8769
2090,8,17,1e-04,3.118,15.5331,2.4254
2090,8,18,2.9507,63.3051,13.061,3.7315
2090,8,19,0.3518,9.856,2.2584,7.7424
2090,8,20,1.6648,0.0025,0.5866,1.6667
2090,8,21,4.0649,0,0.2595,0
2090,8,22,2.1064,0.0185,11.1686,0.153
2090,8,23,1.3429,0.763,0,0.6261
2090,8,24,3.5596,0.6888,0,0.7942
2090,8,25,4.5051,0.0092,0,2.4727
2090,8,26,1.8949,0.7209,0,5.4182
2090,8,27,10.776,14.1721,0.0259,4.2087
2090,8,28,0.5716,3.5479,0.7183,1.5154
2090,8,29,0,0,0.7046,2.0723
2090,8,30,11.0174,1.4331,0.9815,2.0011
2090,8,31,18.9415,0.044,0.8141,3.5552
2091,8,1,0.61,0,0.5256,2.1313
2091,8,2,3.4455,0,9.1122,2.6017
2091,8,3,7.8917,0.004,1.7328,2.0876
2091,8,4,17.2147,2.6658,6.2534,0.4646
2091,8,5,0.0091,4.2444,2.1058,0
2091,8,6,0.079,8.5935,4e-04,1.127
2091,8,7,0.1075,12.9155,0.0406,4.0181
2091,8,8,1.0533,16.8925,0.4995,0.1377
2091,8,9,2.3224,0.9401,13.8039,0.0678
2091,8,10,8.79,0.3065,28.3906,2.3042
2091,8,11,4.2011,0.7565,2.0358,0.0818
2091,8,12,0.895,0.0812,4.1462,0.413
2091,8,13,0.1648,0.2172,0.9696,0.4848
2091,8,14,1.0288,2.6607,0.126,0.0756
2091,8,15,7.3203,0.2815,0.0883,0.0033
2091,8,16,1.6638,11.9138,0.0686,4.9621
2091,8,17,3.6144,1.056,1.3148,0.4451
2091,8,18,4.5155,4.2338,3.2366,7.418
2091,8,19,3.6482,1.9548,0.3249,0.8478
2091,8,20,7.0998,0.4363,1.8554,3.2111
2091,8,21,0.525,6.866,0.5833,8.1603
2091,8,22,0.0106,9.2609,2.3488,2.9714
2091,8,23,0.279,4.0071,2e-04,0.0131
2091,8,24,2.9236,3.9115,0,0.0886
2091,8,25,0,4.8215,0,0.796
2091,8,26,0,5.5131,0.0152,18.1454
2091,8,27,0,4.7641,3.0664,15.0982
2091,8,28,0.978,0.6512,8.099,8.2352
2091,8,29,0.0811,3.596,0.2993,0.0431
2091,8,30,0,0.3783,0.0012,5.8278
2091,8,31,12.4467,0,7e-04,2.4328
2092,8,1,0.648,10.4082,1.6806,0.0243
2092,8,2,0.3061,11.6295,14.9169,0.2699
2092,8,3,4.3795,3.9023,2.7476,1.3208
2092,8,4,17.857,4.6377,9.3796,2.2311
2092,8,5,2.4892,3.8988,5.0517,3.9206
2092,8,6,2.0387,1.8083,0.6281,0.5988
2092,8,7,1.4211,0,0,1.2531
2092,8,8,2.7788,0,0.3851,4.4233
2092,8,9,0.717,2.5485,0.7864,2.3914
2092,8,10,1.028,5.9916,0.392,0.8273
2092,8,11,1.6094,16.3314,2.7859,0.8163
2092,8,12,0.1239,25.5211,1.7497,3.3898
2092,8,13,2.2723,14.977,0.3546,6.9422
2092,8,14,8.0984,20.6516,1.2456,9.8111
2092,8,15,8.5,6.2156,11.3073,0.1685
2092,8,16,1.6586,4.7148,10.898,2e-04
2092,8,17,0,0.0227,0.4075,0.0017
2092,8,18,0,0.3766,3.5537,0.1161
2092,8,19,0.3218,3.2495,0.7072,2.862
2092,8,20,0.0581,17.2646,6.5687,3.6059
2092,8,21,3.0845,1.3211,2.1485,2.6598
2092,8,22,1.3109,0.1441,0.2923,1.1378
2092,8,23,1.7997,0.561,0.3012,1.1002
2092,8,24,9.5336,0.1678,0.2788,1.4799
2092,8,25,0.3291,0.1904,0.2258,1.9148
2092,8,26,0,13.0816,2.3028,2.523
2092,8,27,0.0132,5.2755,8.369,1.7238
2092,8,28,0.3137,0,8.3656,2.087
2092,8,29,3.8961,0,4.6899,0.6671
2092,8,30,5.03,0.0698,5.3274,1.0421
2092,8,31,8.3706,0.0591,5.7771,5.8689
2093,8,1,2.6311,2.3408,3.8776,5.7721
2093,8,2,9.4197,0.1975,6.8965,15.6092
2093,8,3,11.6444,5.3907,12.1395,12.0209
2093,8,4,9.8575,7.9598,0.0015,6.8444
2093,8,5,3.6743,1.4375,0.0442,6.3832
2093,8,6,6.0799,0.7027,0.0683,4.4165
2093,8,7,1.254,0,0.4676,9.4854
2093,8,8,0.8498,0.2773,7.6024,7.9426
2093,8,9,1.498,1.0802,9.4979,0.589
2093,8,10,0.0098,7.6131,7.8598,6.5676
2093,8,11,0.6578,2.2464,14.6646,10.8896
2093,8,12,4.2017,0.0319,1.0896,4.5194
2093,8,13,6.9288,5.4307,4.413,2.2049
2093,8,14,14.0657,1.2467,0.5664,2.0848
2093,8,15,36.4064,5.0194,6.2138,0.6666
2093,8,16,49.3913,0.9906,3.0742,5.5421
2093,8,17,56.7938,0.1651,5.9442,7.7653
2093,8,18,33.6933,1.2675,13.2281,1.4132
2093,8,19,14.2795,2.573,9.9414,3.2767
2093,8,20,11.8613,2.2037,6.2853,2.2943
2093,8,21,4.1764,2.5042,9.8859,6.9866
2093,8,22,0.3024,0.016,2.6716,18.3048
2093,8,23,1.0448,0,9.2672,15.1089
2093,8,24,4.5224,0,0.4162,4.7818
2093,8,25,6.0487,0,0.0025,1.8293
2093,8,26,0.2593,0.0066,0.1082,0.0517
2093,8,27,1.7601,0,2.6335,0.0937
2093,8,28,1.1456,0,1.1004,0.0588
2093,8,29,0.2818,0.0736,2.9015,0.7023
2093,8,30,1.1322,0.8118,1.8385,5.3321
2093,8,31,5.0301,0.7482,0.5586,0.6001
2094,8,1,25.8703,2.7653,4.9037,9.6862
2094,8,2,17.6637,3.0413,2.6296,16.5927
2094,8,3,33.4575,2.1385,3.901,3.7034
2094,8,4,12.0181,8.1441,15.6977,0.4397
2094,8,5,14.6058,3.0862,2.9881,0.4938
2094,8,6,6.7057,3.1728,0.493,4.2721
2094,8,7,3.536,5.8808,0.0036,1.6198
2094,8,8,5.9288,9.2708,9.7354,1.0005
2094,8,9,6.101,3.6687,1.558,0.1369
2094,8,10,16.8778,7.0871,6.6436,0.113
2094,8,11,10.1085,0.7045,29.7315,1.9372
2094,8,12,0.3549,3.0173,4.2752,18.0684
2094,8,13,0.4982,3.2513,0.0936,5.3841
2094,8,14,0.4215,7.6331,2e-04,15.459
2094,8,15,1.7448,0.0625,0.7548,17.3218
2094,8,16,1.8735,0,0.0051,0.509
2094,8,17,3.135,0.0747,3.7932,5.081
2094,8,18,13.8293,10.7399,1.2871,9.8636
2094,8,19,7.0812,15.2492,5.0869,5.8635
2094,8,20,7.2393,12.5271,1.9788,0.7376
2094,8,21,3.8426,2.536,0.1973,1.9184
2094,8,22,0.7837,0.0462,2.0252,2.5877
2094,8,23,0.4235,7e-04,8.1028,0.245
2094,8,24,10.8015,0,10.9281,0.32
2094,8,25,0.0341,0.026,4.6622,3.1702
2094,8,26,0,0.127,0.1109,9.2058
2094,8,27,2e-04,0.2449,0.0203,8.34
2094,8,28,0.086,13.9351,0.4843,9.5354
2094,8,29,11.3041,8.9156,2.5198,1.9295
2094,8,30,17.3942,0.0043,2.1182,0.0971
2094,8,31,15.9061,0.4649,3e-04,0.4134
2095,8,1,8.7494,4.0936,6.3891,0.1011
2095,8,2,2.6651,3.5548,2.529,0.0968
2095,8,3,0.4717,0.2548,4.645,1.4242
2095,8,4,5.0153,0.0091,4.5137,0.2141
2095,8,5,5.0531,18.8063,10.353,0.8797
2095,8,6,11.0515,0.9829,5.4495,1.963
2095,8,7,8.469,1e-04,0.0111,3.9836
2095,8,8,2.6672,0.8835,1.2256,7.3314
2095,8,9,11.8869,13.3319,3.8281,0.5484
2095,8,10,18.7128,0.0766,11.8769,0
2095,8,11,16.8784,1e-04,8.1825,1.4324
2095,8,12,11.546,0.0013,1.95,3.0541
2095,8,13,4.6771,0,10.2907,2.0503
2095,8,14,3.3116,0.6694,15.9874,3.4752
2095,8,15,2.4406,7.3282,16.4294,3.1458
2095,8,16,0.3159,1.666,9.4156,1.2039
2095,8,17,0.2533,4.4498,4.2628,0.2214
2095,8,18,0,0.1359,5.6903,0.3507
2095,8,19,9.6015,0,2.4678,1.1216
2095,8,20,1.797,2.7014,0.7515,0.2055
2095,8,21,6.8559,6.9655,1.499,3.0065
2095,8,22,35.1334,9.4796,2.8098,1.8911
2095,8,23,0.8409,0.4411,4.2204,3.2144
2095,8,24,0.0108,3.6154,2.0739,3.9084
2095,8,25,0,6.7294,7.7808,5.2231
2095,8,26,0.1113,10.3574,4.2442,0.4565
2095,8,27,0.4133,15.7124,5.1991,1.9015
2095,8,28,0.1107,15.1336,9.4051,0.259
2095,8,29,0,11.2059,4.7247,0
2095,8,30,0,7.9569,4e-04,1.2551
2095,8,31,1.8356,7.3469,0.0011,2.4509
2096,8,1,4.3377,1.1581,8.0928,1.5984
2096,8,2,8.007,2.5662,0.3981,2.9244
2096,8,3,1.9492,10.6313,0.2839,1.1624
2096,8,4,2.9632,9.5743,1.4375,0.1923
2096,8,5,4.4133,3.9072,1.1846,5.851
2096,8,6,4.5633,1e-04,0.0069,8.2357
2096,8,7,5.3227,0.0172,0.021,4.2919
2096,8,8,4.6361,5.8083,1.6352,5.7895
2096,8,9,7.5245,8.9478,1.6034,1.4923
2096,8,10,0,1.3362,5.0192,3.3742
2096,8,11,0.807,0.3263,4.2642,6.4699
2096,8,12,17.1225,1.5394,0.275,9.4282
2096,8,13,0.0128,1.6452,5.0699,10.6463
2096,8,14,1.1369,2.0174,5.1701,17.5555
2096,8,15,7.8032,1.6221,15.6013,1.8353
2096,8,16,0.0045,1.3624,6.8298,1.0502
2096,8,17,1e-04,9.6271,0.2218,1.197
2096,8,18,1.5041,1.158,0.1103,5.2979
2096,8,19,6.0075,0.9998,1.0628,0
2096,8,20,3.3825,0.7591,8.8899,2.5607
2096,8,21,1.8475,0.8248,11.1387,9.5095
2096,8,22,12.1487,0.3618,0.322,0.051
2096,8,23,0.2529,0,0,0.3375
2096,8,24,3.3891,0,0,0.1592
2096,8,25,2.2745,0.488,1e-04,1.4865
2096,8,26,0.7157,0.8688,1e-04,1.7812
2096,8,27,7.893,0,0.0208,8.964
2096,8,28,0.3674,0,4.3349,3.2952
2096,8,29,3.7274,0.0157,5.4523,1.4654
2096,8,30,3.0356,0.1876,4.0919,1.1933
2096,8,31,0.0439,0,0.1093,1.7819
2097,8,1,4.5454,3.0975,0.748,6.4715
2097,8,2,7.9004,7.1021,3.462,7.1965
2097,8,3,9.9105,4.5902,16.7041,2.2998
2097,8,4,0.7103,3.6342,0.15,0.2751
2097,8,5,0.652,1.9738,0,11.0765
2097,8,6,1.6436,4.7249,6.3601,15.0965
2097,8,7,3.1544,1.4533,6.512,20.2222
2097,8,8,7.7689,0.9453,7.7097,19.1788
2097,8,9,4.5535,8.765,4.2961,9.1183
2097,8,10,13.2216,1.8802,0.1626,3.563
2097,8,11,4.3676,0.3723,1.1215,4.7332
2097,8,12,2.1913,5.1448,14.0394,0.291
2097,8,13,1.0219,0.363,24.7422,0
2097,8,14,3.9514,0.6923,9.1817,2.1125
2097,8,15,2.7883,5.264,1.3361,6.1376
2097,8,16,5.2189,2.3927,3.3153,6.3465
2097,8,17,4.4169,0.1343,18.7735,1.0893
2097,8,18,1.7056,1.304,7.4964,1.3935
2097,8,19,0.9723,0.8996,5.0323,0
2097,8,20,0.7692,2.187,0.9337,6e-04
2097,8,21,8.2773,0.5115,3.6315,0.2633
2097,8,22,3.9026,2.2872,6.9004,19.6115
2097,8,23,0.0433,3.9147,2.0292,5.0133
2097,8,24,0,3.7438,1.8467,0.0731
2097,8,25,1.0404,0.1792,2.1907,0.3523
2097,8,26,1.4187,0.418,3.304,0.2191
2097,8,27,1.3862,7.9659,1.331,0.0736
2097,8,28,1.7543,0.5166,1.5535,0.0209
2097,8,29,4.9439,0,0.4688,0.9669
2097,8,30,9.9343,0.1656,0,8.6848
2097,8,31,5.2348,3.4006,0,1.6192
2098,8,1,18.8703,14.6842,2.2213,13.1837
2098,8,2,3.5545,17.5555,5.189,0.7836
2098,8,3,0.38,13.1887,5.5857,0
2098,8,4,2.0064,4.9427,16.6914,0.0779
2098,8,5,7.6311,4.0193,8.6955,9.5874
2098,8,6,3.1132,0.986,2.0732,24.1563
2098,8,7,3.8233,3.9351,1.8647,8.7845
2098,8,8,17.4154,2.9521,0.0071,16.6963
2098,8,9,3.3749,9.5905,0,8.2951
2098,8,10,0.1961,18.8016,5.5446,0.9291
2098,8,11,0.2893,3.8274,0.9778,2.093
2098,8,12,1.5,0,0,1.9992
2098,8,13,0.3194,0.0784,0,0.0836
2098,8,14,1.1604,2.4514,0,0.4819
2098,8,15,8.5268,13.1337,5.8626,6.2396
2098,8,16,8.8371,4.5482,15.4842,13.2539
2098,8,17,0.8754,0.1932,7.1457,6.2483
2098,8,18,1.0304,1.0831,0.7613,1.7108
2098,8,19,2.3471,0.1001,5.8304,6.1637
2098,8,20,3.1776,10.2338,2.4285,0.7301
2098,8,21,11.4,14.0193,7.9569,0.2396
2098,8,22,5.4009,1.2283,4.3868,0.8025
2098,8,23,1.0842,0,2e-04,1.1148
2098,8,24,0.2169,0.0472,0.0259,2.186
2098,8,25,0.2688,1.9754,6.7992,17.4732
2098,8,26,2.1967,9.3024,25.3159,21.3059
2098,8,27,2.7305,10.0937,2.6134,10.6509
2098,8,28,0.1515,4.9768,0.0217,1.6607
2098,8,29,2.1472,0.0073,5.7083,1.0377
2098,8,30,17.3365,0,9.8846,1.3658
2098,8,31,22.3051,2.4841,2.1566,1.4129
2099,8,1,6.7338,2.9935,8.0994,4.4675
2099,8,2,7.4897,2.0573,17.3636,2.2985
2099,8,3,3.5398,0.647,4.4233,7.1433
2099,8,4,0.6044,1e-04,4.2189,1.5159
2099,8,5,12.8054,1.5114,4.1617,1.2037
2099,8,6,14.5415,0.6565,1.3104,0.824
2099,8,7,3.2032,6.5142,7e-04,1.4419
2099,8,8,9.641,20.3652,0.6424,4.3383
2099,8,9,10.3343,17.6584,0.8119,1.9953
2099,8,10,5.5221,10.3145,0.0022,0
2099,8,11,5.4959,8.2453,7.1963,0
2099,8,12,2.4006,3.2975,6.5861,0
2099,8,13,0.9408,2.4371,5.1506,2.5273
2099,8,14,1.691,0.5381,8.3789,15.3036
2099,8,15,5.0178,4.1278,8.0933,14.4166
2099,8,16,12.5508,7.8566,3.3423,0.9843
2099,8,17,4.6281,0.1236,5.1798,2.2055
2099,8,18,2.6714,6e-04,2.0585,12.8944
2099,8,19,4.5214,2.9223,1.2729,6.8019
2099,8,20,0.1385,16.8894,0.1238,0.4954
2099,8,21,0.0545,0.4836,0.0118,0.1086
2099,8,22,8e-04,0.1039,1e-04,0
2099,8,23,0,1.4395,0.312,0.8274
2099,8,24,1.4409,3.7537,0.6276,1.4765
2099,8,25,3.4504,0.0328,10.806,0
2099,8,26,1.7867,0,4.6275,0.007
2099,8,27,5.8613,6.5061,7.3954,0.6915
2099,8,28,5.6305,1.0847,8.349,8.2562
2099,8,29,0,1e-04,0,3.5549
2099,8,30,1.0187,0.0107,0,2.2374
2099,8,31,14.1285,0.0039,0.0576,6.9477
2100,8,1,0.8174,4.4422,10.2704,6.7023
2100,8,2,1.6882,2.5433,1.9082,3.5833
2100,8,3,12.2925,2.6644,1.5257,2.0829
2100,8,4,17.2042,1.5328,0.7571,0.5492
2100,8,5,10.2525,4.2385,0.348,0.0655
2100,8,6,3.3534,4.521,1.183,9.6892
2100,8,7,5.5545,2.1305,7.096,14.0301
2100,8,8,8.0031,5.7405,20.2752,3.5404
2100,8,9,2.3663,0.2995,10.739,2.7341
2100,8,10,0.7138,2.3114,3.6239,0.7767
2100,8,11,1e-04,3.8025,5.0982,0.0025
2100,8,12,2.0089,3.1825,12.5641,0.483
2100,8,13,0.6087,0.9026,9.784,0.2299
2100,8,14,8.084,0,9.459,0.0069
2100,8,15,9.5913,0.4662,4.0341,0.0526
2100,8,16,0.5401,0.006,0.2493,0.106
2100,8,17,6.2528,2.3831,0.6927,6.5591
2100,8,18,6.582,0.1053,7.3392,5.1202
2100,8,19,0.4757,0.7516,3.5756,0
2100,8,20,0,0.0808,3e-04,0
2100,8,21,3.8103,0.2493,0.0215,0
2100,8,22,5.2786,1.508,0.1509,0.2845
2100,8,23,1.0383,3.3825,0,0.8876
2100,8,24,1.5439,2.8554,0,6.1404
2100,8,25,0.0618,3.9099,0,2.4082
2100,8,26,0,1.7446,0,0.0378
2100,8,27,0,1.5166,3e-04,4.307
2100,8,28,0.2842,0.2196,0.111,0
2100,8,29,0.1069,6.7509,0.0717,0.0451
2100,8,30,0.5684,7.9314,0.0775,0.0601
2100,8,31,6.1495,0.0963,2.9351,0.0478
